,G,Date,Unnamed: 2,Team,Opp,W/L,Tm,Opp.1,FG,FGA,FG%,3P,3PA,3P%,FT,FTA,FT%,ORB,TRB,AST,STL,BLK,TOV,PF,Unnamed: 23,FG.1,FGA.1,FG%.1,3P.1,3PA.1,3P%.1,FT.1,FTA.1,FT%.1,ORB.1,TRB.1,AST.1,STL.1,BLK.1,TOV.1,PF.1
0,1,2023-11-07,,UMass,Albany (NY),W,92,71,33,76,.434,10,22,.455,16,26,.615,15,38,20,12,4,4,21,,20,56,.357,9,26,.346,22,31,.710,7,34,10,2,5,17,23
1,2,2023-11-13,,UMass,Quinnipiac,W,102,81,39,70,.557,11,28,.393,13,20,.650,10,32,23,9,2,7,20,,26,60,.433,6,20,.300,23,30,.767,13,33,16,4,2,15,18
2,3,2023-11-17,,UMass,Harvard,L (1 OT),75,78,29,78,.372,7,28,.250,10,25,.400,20,45,14,10,4,12,19,,27,61,.443,11,24,.458,13,18,.722,10,40,17,6,7,16,21
3,4,2023-11-22,,UMass,Central Connecticut,W,89,60,35,58,.603,8,21,.381,11,15,.733,8,32,29,9,5,10,16,,18,53,.340,7,22,.318,17,22,.773,9,22,14,4,3,14,14
4,5,2023-12-02,,UMass,South Florida,W,66,56,18,54,.333,4,25,.160,26,41,.634,13,44,13,9,4,16,25,,15,55,.273,5,22,.227,21,27,.778,11,33,12,8,2,17,30
5,6,2023-12-06,@,UMass,Towson,L,71,81,25,54,.463,7,18,.389,14,20,.700,8,25,11,5,3,10,22,,26,54,.481,6,16,.375,23,34,.676,10,30,9,7,6,9,21
6,7,2023-12-09,,UMass,UMass-Lowell,W,91,77,35,72,.486,5,18,.278,16,20,.800,15,38,21,11,4,13,19,,29,68,.426,5,21,.238,14,21,.667,13,33,12,7,4,14,17
7,8,2023-12-16,N,UMass,West Virginia,W,87,79,27,62,.435,8,21,.381,25,32,.781,12,44,21,5,2,14,16,,28,70,.400,14,31,.452,9,12,.750,6,23,17,4,1,10,24
8,9,2023-12-21,N,UMass,Georgia Tech,L,70,73,26,67,.388,10,31,.323,8,19,.421,12,27,11,16,3,11,20,,25,51,.490,5,17,.294,18,21,.857,9,37,7,6,5,21,16
9,10,2023-12-23,N,UMass,Portland,W,100,78,35,59,.593,9,25,.360,21,23,.913,9,32,21,10,1,11,24,,26,58,.448,7,26,.269,19,26,.731,11,24,14,4,2,12,17
10,11,2023-12-24,N,UMass,Old Dominion,W,87,65,33,61,.541,5,14,.357,16,22,.727,9,38,19,8,2,13,20,,23,54,.426,2,16,.125,17,28,.607,7,27,7,11,4,14,17
11,12,2023-12-30,,UMass,Siena,W,79,66,27,61,.443,4,14,.286,21,24,.875,10,29,13,15,4,9,17,,23,57,.404,5,19,.263,15,19,.789,13,31,8,6,5,18,18
12,13,2024-01-03,,UMass,Duquesne,W,80,61,27,51,.529,2,10,.200,24,34,.706,7,33,13,6,3,12,20,,21,58,.362,6,22,.273,13,22,.591,12,30,11,7,0,14,23
13,14,2024-01-07,@,UMass,Dayton,L,60,64,24,66,.364,3,22,.136,9,15,.600,18,41,11,7,1,8,19,,18,47,.383,10,29,.345,18,21,.857,6,29,12,4,2,11,11
14,15,2024-01-10,,UMass,La Salle,W,81,65,31,63,.492,5,13,.385,14,21,.667,12,39,18,6,4,11,18,,26,61,.426,7,25,.280,6,15,.400,7,27,15,6,4,12,16
15,16,2024-01-13,@,UMass,Rhode Island,L,77,89,27,66,.409,3,15,.200,20,28,.714,14,32,9,3,4,3,24,,27,52,.519,14,23,.609,21,28,.750,8,34,14,0,2,9,23
16,17,2024-01-17,@,UMass,Loyola (IL),L,78,79,24,58,.414,8,20,.400,22,31,.710,13,31,10,7,1,10,24,,26,56,.464,6,21,.286,21,31,.677,12,32,20,7,4,12,24
17,18,2024-01-20,,UMass,George Washington,W,81,67,33,65,.508,8,27,.296,7,11,.636,9,35,22,5,3,8,17,,21,58,.362,9,26,.346,16,20,.800,9,32,14,7,0,15,14
18,19,2024-01-23,,UMass,St. Joseph's,L,77,78,29,65,.446,5,16,.313,14,17,.824,10,38,19,9,4,17,16,,29,61,.475,9,19,.474,11,17,.647,7,33,14,11,6,13,15
19,20,2024-01-27,@,UMass,Saint Louis,W,84,73,29,61,.475,7,22,.318,19,23,.826,11,35,13,8,5,6,14,,24,55,.436,11,25,.440,14,16,.875,5,24,16,5,1,12,19
20,,,,UMass,,,,,School,School,School,School,School,School,School,School,School,School,School,School,School,School,School,School,,Opponent,Opponent,Opponent,Opponent,Opponent,Opponent,Opponent,Opponent,Opponent,Opponent,Opponent,Opponent,Opponent,Opponent,Opponent,Opponent
21,G,Date,,UMass,Opp,W/L,Tm,Opp,FG,FGA,FG%,3P,3PA,3P%,FT,FTA,FT%,ORB,TRB,AST,STL,BLK,TOV,PF,,FG,FGA,FG%,3P,3PA,3P%,FT,FTA,FT%,ORB,TRB,AST,STL,BLK,TOV,PF
22,21,2024-02-03,,UMass,George Mason,W,66,65,21,54,.389,7,22,.318,17,24,.708,16,37,13,9,4,16,19,,22,53,.415,7,18,.389,14,19,.737,9,23,14,10,1,13,22
23,22,2024-02-07,@,UMass,St. Bonaventure,L,73,79,28,58,.483,6,18,.333,11,16,.688,8,29,16,6,1,12,24,,27,53,.509,6,17,.353,19,28,.679,8,28,12,7,5,11,15
24,23,2024-02-11,,UMass,Rhode Island,W,81,79,31,64,.484,11,28,.393,8,18,.444,8,31,20,9,2,9,13,,29,61,.475,8,15,.533,13,16,.813,6,24,15,6,3,12,18
25,24,2024-02-14,@,UMass,Richmond,W,69,59,21,55,.382,6,22,.273,21,24,.875,9,44,10,3,4,11,17,,18,54,.333,7,25,.280,16,25,.640,4,26,8,8,2,6,18
26,25,2024-02-17,@,UMass,La Salle,L,81,82,25,59,.424,8,27,.296,23,28,.821,8,34,13,6,4,7,17,,28,59,.475,9,21,.429,17,22,.773,9,35,18,6,4,10,19
27,26,2024-02-20,,UMass,VCU,W,74,52,28,59,.475,8,25,.320,10,12,.833,9,39,18,11,2,10,13,,17,56,.304,8,25,.320,10,12,.833,10,31,11,7,3,13,11
28,27,2024-02-24,,UMass,St. Bonaventure,L,67,75,23,57,.404,7,25,.280,14,22,.636,12,29,14,6,2,14,17,,27,57,.474,6,16,.375,15,19,.789,11,33,16,7,2,10,18
29,28,2024-02-27,@,UMass,George Washington,W,69,57,30,58,.517,8,24,.333,1,4,.250,7,29,18,8,2,13,10,,21,52,.404,6,28,.214,9,12,.750,9,25,10,10,0,12,7
30,29,2024-03-02,@,UMass,Davidson,W,69,67,24,67,.358,5,24,.208,16,23,.696,18,42,8,4,4,9,16,,27,56,.482,2,14,.143,11,17,.647,5,29,15,4,13,10,18
31,30,2024-03-06,,UMass,Fordham,W,66,64,22,52,.423,7,19,.368,15,24,.625,6,33,10,1,3,7,19,,23,65,.354,7,28,.250,11,19,.579,15,34,13,4,2,6,21
32,31,2024-03-14,N,UMass,VCU,L,59,73,19,54,.352,7,24,.292,14,19,.737,10,25,12,3,2,9,23,,22,44,.500,6,17,.353,23,30,.767,9,30,16,8,3,12,19
33,1,2023-11-06,,Duquesne,Cleveland State,W,79,77,26,62,.419,9,27,.333,18,33,.545,15,41,17,5,2,11,20,,28,64,.438,9,20,.450,12,19,.632,14,39,10,7,6,12,25
34,2,2023-11-10,N,Duquesne,College of Charleston,W,90,72,33,67,.493,11,34,.324,13,13,1.000,5,30,17,10,6,13,23,,23,58,.397,7,27,.259,19,30,.633,10,34,15,8,1,16,17
35,3,2023-11-13,,Duquesne,Stony Brook,W,85,63,32,64,.500,13,28,.464,8,11,.727,14,43,15,8,5,12,14,,22,66,.333,12,29,.414,7,12,.583,12,29,9,5,5,9,11
36,4,2023-11-15,,Duquesne,Princeton,L,67,70,23,53,.434,7,21,.333,14,17,.824,8,24,11,7,4,13,15,,27,50,.540,7,20,.350,9,10,.900,4,23,12,6,1,12,17
37,5,2023-11-17,,Duquesne,Rider,W,77,58,26,57,.456,12,31,.387,13,21,.619,7,38,15,6,14,11,20,,21,66,.318,4,15,.267,12,22,.545,12,36,8,6,3,10,16
38,6,2023-11-22,@,Duquesne,Nebraska,L,79,89,28,63,.444,8,29,.276,15,17,.882,13,36,8,1,4,6,24,,26,53,.491,9,24,.375,28,31,.903,7,27,18,1,2,2,13
39,7,2023-11-29,,Duquesne,UC-Irvine,W,66,62,24,58,.414,9,18,.500,9,15,.600,10,28,16,10,6,11,11,,22,54,.407,7,18,.389,11,11,1.000,7,34,13,5,3,19,20
40,8,2023-12-06,@,Duquesne,Marshall,W,85,72,24,54,.444,7,20,.350,30,41,.732,9,38,10,7,3,14,18,,26,70,.371,4,25,.160,16,24,.667,14,40,7,7,1,12,26
41,9,2023-12-08,,Duquesne,St. Peter's,W,68,59,20,51,.392,6,25,.240,22,28,.786,8,31,10,9,7,9,15,,21,50,.420,8,20,.400,9,14,.643,5,23,13,5,7,13,23
42,10,2023-12-18,N,Duquesne,Bradley,W,69,67,25,59,.424,5,19,.263,14,20,.700,12,26,8,12,1,9,12,,26,54,.481,8,18,.444,7,12,.583,13,34,10,6,8,16,16
43,11,2023-12-23,N,Duquesne,Santa Clara,L,73,81,21,54,.389,12,32,.375,19,31,.613,10,28,12,7,1,12,29,,26,53,.491,8,15,.533,21,29,.724,7,27,14,4,2,12,22
44,12,2023-12-30,,Duquesne,,W,95,47,36,69,.522,8,22,.364,15,18,.833,18,46,21,12,2,15,13,,17,51,.333,8,25,.320,5,9,.556,5,21,14,7,5,20,12
45,13,2024-01-03,@,Duquesne,UMass,L,61,80,21,58,.362,6,22,.273,13,22,.591,12,30,11,7,0,14,23,,27,51,.529,2,10,.200,24,34,.706,7,33,13,6,3,12,20
46,14,2024-01-06,@,Duquesne,Loyola (IL),L,67,72,26,66,.394,6,21,.286,9,13,.692,10,37,16,9,4,17,21,,27,54,.500,4,16,.250,14,21,.667,5,32,19,6,3,21,15
47,15,2024-01-12,,Duquesne,Dayton,L,62,72,25,62,.403,8,30,.267,4,5,.800,9,25,10,10,4,13,14,,25,53,.472,7,19,.368,15,19,.789,10,34,14,7,4,15,10
48,16,2024-01-16,,Duquesne,Richmond,L,61,63,24,57,.421,6,19,.316,7,11,.636,6,27,14,4,2,9,13,,24,50,.480,5,15,.333,10,14,.714,6,30,14,6,6,10,13
49,17,2024-01-20,@,Duquesne,St. Joseph's,L,69,71,24,58,.414,9,24,.375,12,14,.857,8,31,10,6,5,11,18,,26,55,.473,7,17,.412,12,19,.632,8,31,11,7,3,10,16
50,18,2024-01-23,,Duquesne,St. Bonaventure,W,54,50,15,49,.306,7,21,.333,17,30,.567,12,38,11,10,8,13,17,,16,59,.271,2,13,.154,16,24,.667,13,36,4,9,3,16,23
51,19,2024-01-27,,Duquesne,Fordham,W,68,59,24,51,.471,1,13,.077,19,30,.633,2,27,13,4,7,8,22,,21,57,.368,4,22,.182,13,24,.542,13,39,11,5,3,12,22
52,20,2024-01-31,,Duquesne,Chicago State,W,65,60,23,62,.371,3,20,.150,16,25,.640,15,36,11,10,4,10,18,,22,54,.407,7,17,.412,9,16,.563,11,35,11,4,6,17,17
53,,,,Duquesne,,,,,School,School,School,School,School,School,School,School,School,School,School,School,School,School,School,School,,Opponent,Opponent,Opponent,Opponent,Opponent,Opponent,Opponent,Opponent,Opponent,Opponent,Opponent,Opponent,Opponent,Opponent,Opponent,Opponent
54,G,Date,,Duquesne,Opp,W/L,Tm,Opp,FG,FGA,FG%,3P,3PA,3P%,FT,FTA,FT%,ORB,TRB,AST,STL,BLK,TOV,PF,,FG,FGA,FG%,3P,3PA,3P%,FT,FTA,FT%,ORB,TRB,AST,STL,BLK,TOV,PF
55,21,2024-02-03,@,Duquesne,Rhode Island,W,85,71,28,53,.528,14,27,.519,15,17,.882,5,28,20,5,6,13,18,,26,58,.448,5,18,.278,14,20,.700,7,23,12,6,2,10,17
56,22,2024-02-07,,Duquesne,Davidson,L,59,72,21,52,.404,5,19,.263,12,20,.600,8,29,7,6,4,9,19,,23,53,.434,8,26,.308,18,20,.900,7,34,16,6,5,8,22
57,23,2024-02-10,@,Duquesne,St. Bonaventure,W,75,69,27,59,.458,6,21,.286,15,21,.714,8,34,16,3,2,8,19,,22,55,.400,5,15,.333,20,26,.769,7,34,8,4,3,9,19
58,24,2024-02-13,@,Duquesne,Dayton,L,59,75,26,52,.500,6,20,.300,1,3,.333,4,26,18,4,4,11,17,,26,55,.473,7,22,.318,16,23,.696,7,29,12,6,3,4,10
59,25,2024-02-17,,Duquesne,St. Joseph's,W,66,56,23,52,.442,9,18,.500,11,13,.846,9,36,16,7,5,16,14,,18,56,.321,9,37,.243,11,17,.647,12,34,12,12,4,12,15
60,26,2024-02-20,,Duquesne,Saint Louis,W,81,66,28,55,.509,9,26,.346,16,19,.842,4,31,15,12,7,15,14,,24,58,.414,7,25,.280,11,15,.733,4,26,17,10,3,12,17
61,27,2024-02-23,@,Duquesne,Fordham,L,67,79,19,55,.345,6,16,.375,23,27,.852,7,23,10,12,4,11,20,,27,52,.519,8,19,.421,17,24,.708,12,39,18,9,9,16,22
62,28,2024-02-28,,Duquesne,La Salle,W,75,63,30,60,.500,7,18,.389,8,14,.571,12,32,19,6,5,9,10,,25,61,.410,6,21,.286,7,9,.778,12,30,17,5,4,12,14
63,29,2024-03-02,@,Duquesne,George Mason,W,59,51,19,39,.487,3,15,.200,18,22,.818,3,26,9,12,3,18,21,,18,48,.375,4,20,.200,11,19,.579,10,26,8,10,2,15,19
64,30,2024-03-05,@,Duquesne,VCU,W,69,59,24,57,.421,10,28,.357,11,12,.917,9,30,11,8,0,10,15,,21,49,.429,8,22,.364,9,14,.643,6,28,11,7,2,14,16
65,31,2024-03-09,,Duquesne,George Washington,W,67,65,26,57,.456,4,12,.333,11,11,1.000,8,32,10,8,6,11,9,,25,55,.455,7,19,.368,8,9,.889,7,27,15,7,6,12,11
66,32,2024-03-13,N,Duquesne,Saint Louis,W,83,73,31,61,.508,10,22,.455,11,20,.550,6,28,22,9,3,5,22,,21,45,.467,8,20,.400,23,30,.767,4,28,10,3,3,13,18
67,33,2024-03-14,N,Duquesne,Dayton,W,65,57,24,57,.421,7,22,.318,10,13,.769,8,39,11,4,6,11,19,,16,50,.320,7,26,.269,18,25,.720,7,26,10,4,3,7,13
68,34,2024-03-16,N,Duquesne,St. Bonaventure,W,70,60,27,53,.509,10,21,.476,6,7,.857,3,27,17,4,6,10,9,,23,57,.404,6,24,.250,8,11,.727,8,29,11,7,4,9,11
69,35,2024-03-17,N,Duquesne,VCU,W,57,51,17,57,.298,8,25,.320,15,21,.714,17,38,13,12,2,10,14,,17,47,.362,5,24,.208,12,14,.857,6,30,9,10,9,15,16
70,36,2024-03-21,N,Duquesne,BYU,W,71,67,26,56,.464,7,18,.389,12,16,.750,5,27,13,7,7,9,17,,22,57,.386,8,24,.333,15,17,.882,8,32,16,6,2,11,18
71,37,2024-03-23,N,Duquesne,Illinois,L,63,89,25,61,.410,5,17,.294,8,10,.800,12,25,14,4,1,9,17,,35,59,.593,7,21,.333,12,17,.706,10,31,17,6,1,7,12
72,1,2023-11-06,,St. Bonaventure,Longwood,W,73,69,27,59,.458,11,31,.355,8,10,.800,7,27,17,3,6,8,18,,24,61,.393,3,17,.176,18,25,.720,18,40,8,4,2,12,14
73,2,2023-11-11,,St. Bonaventure,Canisius,L,67,70,23,57,.404,4,20,.200,17,26,.654,11,32,7,9,5,11,13,,27,54,.500,12,24,.500,4,7,.571,3,26,16,5,3,17,19
74,3,2023-11-16,N,St. Bonaventure,Oklahoma State,W,66,64,21,51,.412,6,19,.316,18,21,.857,11,32,9,8,1,11,16,,23,52,.442,7,23,.304,11,18,.611,11,28,16,4,1,14,19
75,4,2023-11-17,N,St. Bonaventure,Auburn,L,60,77,23,58,.397,3,24,.125,11,13,.846,9,27,12,5,1,14,20,,25,52,.481,8,24,.333,19,27,.704,10,32,20,4,3,13,17
76,5,2023-11-22,,St. Bonaventure,Bucknell,W,67,61,23,56,.411,10,28,.357,11,13,.846,10,29,19,8,5,12,14,,20,46,.435,9,24,.375,12,15,.800,3,24,13,4,2,13,16
77,6,2023-11-25,,St. Bonaventure,Miami (OH),W,90,60,36,65,.554,11,25,.440,7,8,.875,13,40,20,4,6,9,14,,22,56,.393,7,27,.259,9,10,.900,5,19,13,0,1,10,11
78,7,2023-12-02,@,St. Bonaventure,Buffalo,W,80,65,28,58,.483,10,24,.417,14,19,.737,10,34,20,7,7,12,16,,22,58,.379,2,17,.118,19,27,.704,13,34,11,8,5,11,17
79,8,2023-12-06,@,St. Bonaventure,Niagara,W,94,60,38,57,.667,12,19,.632,6,9,.667,8,30,14,4,3,8,18,,19,48,.396,7,21,.333,15,18,.833,2,13,10,3,0,9,11
80,9,2023-12-09,,St. Bonaventure,Siena,W,89,56,32,58,.552,10,24,.417,15,20,.750,8,33,13,7,4,6,15,,21,55,.382,6,21,.286,8,15,.533,7,28,10,2,4,14,16
81,10,2023-12-16,N,St. Bonaventure,Florida Atlantic,L,54,64,20,48,.417,7,18,.389,7,11,.636,2,28,13,8,4,20,17,,23,56,.411,5,20,.250,13,23,.565,9,35,12,9,1,12,14
82,11,2023-12-22,,St. Bonaventure,Binghamton,W,90,64,32,58,.552,10,21,.476,16,18,.889,8,33,18,8,3,10,16,,26,55,.473,3,15,.200,9,14,.643,4,23,16,5,1,13,14
83,12,2023-12-30,N,St. Bonaventure,Akron,W,62,61,24,63,.381,4,15,.267,10,13,.769,15,35,7,10,4,7,19,,21,48,.438,7,21,.333,12,19,.632,7,30,12,3,3,12,13
84,13,2024-01-03,@,St. Bonaventure,VCU,W,89,78,28,58,.483,12,22,.545,21,27,.778,9,33,11,5,3,7,17,,28,56,.500,8,21,.381,14,18,.778,5,28,15,3,7,11,18
85,14,2024-01-06,@,St. Bonaventure,Richmond,L,54,65,19,49,.388,5,17,.294,11,14,.786,5,30,5,4,1,14,15,,24,55,.436,5,21,.238,12,18,.667,9,34,16,11,4,6,11
86,15,2024-01-13,,St. Bonaventure,Fordham,L,74,80,24,60,.400,6,18,.333,20,22,.909,6,33,8,4,2,9,18,,28,55,.509,9,25,.360,15,23,.652,6,33,13,3,5,8,21
87,16,2024-01-17,,St. Bonaventure,Rhode Island,W,99,64,38,66,.576,11,24,.458,12,17,.706,7,25,22,9,8,4,19,,22,54,.407,6,19,.316,14,22,.636,9,33,11,3,0,18,16
88,17,2024-01-20,@,St. Bonaventure,George Mason,L,60,69,21,59,.356,7,25,.280,11,12,.917,11,30,6,4,3,10,23,,23,49,.469,7,21,.333,16,23,.696,7,29,10,3,1,12,14
89,18,2024-01-23,@,St. Bonaventure,Duquesne,L,50,54,16,59,.271,2,13,.154,16,24,.667,13,36,4,9,3,16,23,,15,49,.306,7,21,.333,17,30,.567,12,38,11,10,8,13,17
90,19,2024-01-26,,St. Bonaventure,St. Joseph's,W,91,72,36,62,.581,12,27,.444,7,8,.875,6,24,23,11,6,6,7,,30,58,.517,10,24,.417,2,2,1.000,8,28,16,4,2,15,8
91,20,2024-01-30,,St. Bonaventure,VCU,W,67,62,21,59,.356,5,22,.227,20,23,.870,14,39,8,6,4,9,13,,21,53,.396,11,29,.379,9,11,.818,3,27,11,3,2,11,18
92,,,,St. Bonaventure,,,,,School,School,School,School,School,School,School,School,School,School,School,School,School,School,School,School,,Opponent,Opponent,Opponent,Opponent,Opponent,Opponent,Opponent,Opponent,Opponent,Opponent,Opponent,Opponent,Opponent,Opponent,Opponent,Opponent
93,G,Date,,St. Bonaventure,Opp,W/L,Tm,Opp,FG,FGA,FG%,3P,3PA,3P%,FT,FTA,FT%,ORB,TRB,AST,STL,BLK,TOV,PF,,FG,FGA,FG%,3P,3PA,3P%,FT,FTA,FT%,ORB,TRB,AST,STL,BLK,TOV,PF
94,21,2024-02-02,@,St. Bonaventure,Dayton,L,71,76,28,66,.424,10,30,.333,5,8,.625,11,33,13,4,1,6,22,,25,51,.490,3,15,.200,23,29,.793,8,30,11,2,7,6,11
95,22,2024-02-07,,St. Bonaventure,UMass,W,79,73,27,53,.509,6,17,.353,19,28,.679,8,28,12,7,5,11,15,,28,58,.483,6,18,.333,11,16,.688,8,29,16,6,1,12,24
96,23,2024-02-10,,St. Bonaventure,Duquesne,L,69,75,22,55,.400,5,15,.333,20,26,.769,7,34,8,4,3,9,19,,27,59,.458,6,21,.286,15,21,.714,8,34,16,3,2,8,19
97,24,2024-02-14,@,St. Bonaventure,Fordham,W,85,67,30,50,.600,12,18,.667,13,20,.650,6,26,18,6,4,16,15,,23,54,.426,8,25,.320,13,18,.722,7,23,13,10,4,12,19
98,25,2024-02-17,,St. Bonaventure,Davidson,W (1 OT),81,80,26,46,.565,6,15,.400,23,30,.767,4,25,14,9,3,12,18,,29,59,.492,9,24,.375,13,18,.722,9,28,14,6,1,13,21
99,26,2024-02-21,@,St. Bonaventure,La Salle,L,59,72,21,48,.438,6,17,.353,11,16,.688,3,20,15,3,1,9,14,,26,51,.510,10,24,.417,10,14,.714,3,27,20,7,2,8,13
100,27,2024-02-24,@,St. Bonaventure,UMass,W,75,67,27,57,.474,6,16,.375,15,19,.789,11,33,16,7,2,10,18,,23,57,.404,7,25,.280,14,22,.636,12,29,14,6,2,14,17
101,28,2024-02-27,,St. Bonaventure,Loyola (IL),W,79,64,23,51,.451,7,17,.412,26,29,.897,5,35,10,8,7,14,19,,21,55,.382,10,31,.323,12,21,.571,7,31,17,7,2,18,22
102,29,2024-03-06,@,St. Bonaventure,George Washington,L,75,86,27,56,.482,11,24,.458,10,12,.833,4,21,11,7,1,7,21,,27,46,.587,15,29,.517,17,23,.739,4,26,19,6,3,12,10
103,30,2024-03-09,,St. Bonaventure,Saint Louis,L,65,73,22,55,.400,8,25,.320,13,21,.619,5,23,8,8,7,9,13,,27,58,.466,9,25,.360,10,12,.833,12,41,14,6,1,12,17
104,31,2024-03-13,N,St. Bonaventure,La Salle,W,75,73,25,58,.431,6,15,.400,19,24,.792,11,29,12,6,5,5,14,,26,53,.491,7,16,.438,14,17,.824,6,26,14,3,3,9,19
105,32,2024-03-14,N,St. Bonaventure,Loyola (IL),W (2 OT),75,74,22,60,.367,4,18,.222,27,31,.871,12,42,8,9,6,16,23,,25,75,.333,6,23,.261,18,27,.667,20,44,18,8,8,12,24
106,33,2024-03-16,N,St. Bonaventure,Duquesne,L,60,70,23,57,.404,6,24,.250,8,11,.727,8,29,11,7,4,9,11,,27,53,.509,10,21,.476,6,7,.857,3,27,17,4,6,10,9
107,1,2023-11-08,N,Loyola (IL),Florida Atlantic,L,62,75,22,51,.431,6,17,.353,12,19,.632,7,26,9,6,4,18,18,,26,56,.464,8,23,.348,15,21,.714,7,30,16,11,5,12,19
108,2,2023-11-11,,Loyola (IL),Eastern Illinois,W,89,65,32,54,.593,12,31,.387,13,17,.765,2,30,23,4,9,10,14,,24,69,.348,6,16,.375,11,15,.733,11,30,9,6,1,10,11
109,3,2023-11-14,,Loyola (IL),UIC,L,67,72,19,58,.328,6,25,.240,23,25,.920,6,31,12,9,3,12,19,,24,55,.436,10,24,.417,14,15,.933,5,31,15,7,8,16,17
110,4,2023-11-18,,Loyola (IL),New Orleans,W,73,70,25,58,.431,6,20,.300,17,24,.708,10,43,17,4,8,14,19,,23,66,.348,9,25,.360,15,22,.682,11,32,13,6,3,7,19
111,5,2023-11-22,N,Loyola (IL),Creighton,L,65,88,27,61,.443,6,15,.400,5,9,.556,5,24,11,6,4,10,18,,32,58,.552,14,27,.519,10,13,.769,7,36,16,2,5,10,10
112,6,2023-11-23,N,Loyola (IL),Boston College,W,71,68,22,53,.415,13,29,.448,14,18,.778,6,35,16,4,4,16,13,,27,64,.422,4,23,.174,10,11,.909,5,29,11,9,3,8,15
113,7,2023-11-28,,Loyola (IL),Chicago State,W,62,53,19,43,.442,7,23,.304,17,24,.708,7,27,15,7,5,12,16,,17,52,.327,5,13,.385,14,16,.875,8,24,8,8,2,14,21
114,8,2023-12-02,,Loyola (IL),Harvard,W,75,53,30,68,.441,9,28,.321,6,13,.462,8,44,23,7,6,9,25,,13,53,.245,4,21,.190,23,35,.657,7,34,8,5,3,11,13
115,9,2023-12-05,@,Loyola (IL),Tulsa,L,77,88,28,61,.459,13,34,.382,8,14,.571,5,26,16,9,4,20,28,,26,51,.510,14,29,.483,22,33,.667,4,30,14,11,2,18,16
116,10,2023-12-09,,Loyola (IL),Goshen,W,115,64,43,73,.589,16,35,.457,13,19,.684,14,44,33,11,5,9,20,,19,52,.365,7,19,.368,19,27,.704,4,19,13,3,0,17,16
117,11,2023-12-16,@,Loyola (IL),South Florida,L,64,77,24,56,.429,7,24,.292,9,14,.643,5,25,15,4,7,13,19,,27,53,.509,8,19,.421,15,23,.652,3,28,13,8,4,8,14
118,12,2023-12-19,,Loyola (IL),Charleston Southern,W,72,59,31,58,.534,4,15,.267,6,10,.600,6,33,18,4,5,5,15,,20,52,.385,5,17,.294,14,20,.700,5,27,9,4,4,6,10
119,13,2023-12-30,,Loyola (IL),Central Michigan,W,73,35,27,57,.474,8,22,.364,11,16,.688,9,45,21,5,7,13,15,,14,59,.237,1,12,.083,6,12,.500,8,31,6,6,4,11,14
120,14,2024-01-03,@,Loyola (IL),Saint Louis,W,80,73,28,55,.509,10,23,.435,14,23,.609,5,29,16,12,5,9,22,,28,66,.424,9,26,.346,8,19,.421,14,38,10,6,3,14,16
121,15,2024-01-06,,Loyola (IL),Duquesne,W,72,67,27,54,.500,4,16,.250,14,21,.667,5,32,19,6,3,21,15,,26,66,.394,6,21,.286,9,13,.692,10,37,16,9,4,17,21
122,16,2024-01-09,,Loyola (IL),Richmond,L,56,58,20,52,.385,8,22,.364,8,14,.571,3,35,13,9,3,15,16,,22,57,.386,10,22,.455,4,8,.500,2,30,15,6,3,11,14
123,17,2024-01-13,@,Loyola (IL),St. Joseph's,W,78,75,28,64,.438,10,27,.370,12,20,.600,9,34,13,7,4,16,23,,24,57,.421,9,25,.360,18,24,.750,5,27,12,10,4,11,16
124,18,2024-01-17,,Loyola (IL),UMass,W,79,78,26,56,.464,6,21,.286,21,31,.677,12,32,20,7,4,12,24,,24,58,.414,8,20,.400,22,31,.710,13,31,10,7,1,10,24
125,19,2024-01-20,@,Loyola (IL),Fordham,W,65,61,23,48,.479,4,10,.400,15,20,.750,8,30,10,6,1,14,21,,21,58,.362,6,20,.300,13,18,.722,11,30,10,7,5,10,18
126,20,2024-01-23,@,Loyola (IL),VCU,L,67,74,25,60,.417,4,20,.200,13,17,.765,9,28,10,7,6,9,21,,23,52,.442,9,15,.600,19,23,.826,6,32,12,7,0,12,16
127,,,,Loyola (IL),,,,,School,School,School,School,School,School,School,School,School,School,School,School,School,School,School,School,,Opponent,Opponent,Opponent,Opponent,Opponent,Opponent,Opponent,Opponent,Opponent,Opponent,Opponent,Opponent,Opponent,Opponent,Opponent,Opponent
128,G,Date,,Loyola (IL),Opp,W/L,Tm,Opp,FG,FGA,FG%,3P,3PA,3P%,FT,FTA,FT%,ORB,TRB,AST,STL,BLK,TOV,PF,,FG,FGA,FG%,3P,3PA,3P%,FT,FTA,FT%,ORB,TRB,AST,STL,BLK,TOV,PF
129,21,2024-01-30,,Loyola (IL),Saint Louis,W,77,62,26,55,.473,9,23,.391,16,19,.842,4,30,19,5,8,13,22,,20,56,.357,2,14,.143,20,28,.714,7,29,9,6,6,12,23
130,22,2024-02-04,,Loyola (IL),Davidson,W,76,63,25,54,.463,14,28,.500,12,20,.600,6,29,21,6,4,12,16,,24,61,.393,6,23,.261,9,13,.692,6,30,8,4,6,9,17
131,23,2024-02-07,@,Loyola (IL),George Mason,W,85,79,27,53,.509,11,26,.423,20,26,.769,4,15,14,7,3,6,26,,22,37,.595,9,17,.529,26,33,.788,4,25,9,3,2,17,23
132,24,2024-02-10,@,Loyola (IL),George Washington,W,81,73,30,69,.435,9,28,.321,12,14,.857,11,39,18,5,4,6,21,,21,60,.350,10,30,.333,21,27,.778,11,33,11,5,7,8,19
133,25,2024-02-14,,Loyola (IL),St. Joseph's,W,64,59,22,52,.423,7,20,.350,13,16,.813,9,36,19,6,5,14,18,,19,58,.328,7,29,.241,14,15,.933,7,23,9,7,8,8,17
134,26,2024-02-18,@,Loyola (IL),Rhode Island,W,77,67,28,61,.459,6,24,.250,15,17,.882,11,41,15,6,9,12,21,,25,56,.446,4,17,.235,13,22,.591,4,24,13,8,4,8,16
135,27,2024-02-24,,Loyola (IL),George Mason,W,80,59,30,54,.556,10,21,.476,10,20,.500,11,32,24,12,3,11,21,,18,54,.333,5,22,.227,18,24,.750,12,29,11,8,4,15,20
136,28,2024-02-27,@,Loyola (IL),St. Bonaventure,L,64,79,21,55,.382,10,31,.323,12,21,.571,7,31,17,7,2,18,22,,23,51,.451,7,17,.412,26,29,.897,5,35,10,8,7,14,19
137,29,2024-03-01,,Loyola (IL),Dayton,W,77,72,26,59,.441,11,27,.407,14,19,.737,4,24,20,15,7,11,19,,24,46,.522,7,15,.467,17,20,.850,2,27,10,8,7,20,16
138,30,2024-03-06,@,Loyola (IL),Davidson,W,69,59,24,53,.453,9,23,.391,12,21,.571,6,33,13,8,7,11,20,,21,55,.382,5,16,.313,12,17,.706,4,29,11,6,2,10,18
139,31,2024-03-09,,Loyola (IL),La Salle,W,64,54,22,58,.379,7,19,.368,13,24,.542,12,34,11,7,7,11,13,,23,59,.390,6,18,.333,2,4,.500,7,30,13,4,7,14,21
140,32,2024-03-14,N,Loyola (IL),St. Bonaventure,L (2 OT),74,75,25,75,.333,6,23,.261,18,27,.667,20,44,18,8,8,12,24,,22,60,.367,4,18,.222,27,31,.871,12,42,8,9,6,16,23
141,33,2024-03-20,@,Loyola (IL),Bradley,L,62,74,23,62,.371,6,25,.240,10,17,.588,14,35,8,7,2,12,19,,25,51,.490,4,15,.267,20,25,.800,8,33,12,6,7,12,15
142,1,2023-11-06,,George Mason,Monmouth,W,72,61,23,49,.469,9,20,.450,17,25,.680,8,40,13,5,7,16,14,,22,65,.338,9,25,.360,8,12,.667,10,28,10,9,4,12,21
143,2,2023-11-10,,George Mason,Austin Peay,W,67,45,21,53,.396,7,25,.280,18,25,.720,10,40,10,4,1,11,15,,17,59,.288,3,19,.158,8,10,.800,10,32,6,10,3,9,23
144,3,2023-11-15,,George Mason,Cornell,W,90,83,31,62,.500,9,22,.409,19,25,.760,13,34,13,8,5,11,18,,28,60,.467,14,29,.483,13,17,.765,10,29,16,8,2,13,22
145,4,2023-11-19,N,George Mason,Charlotte,L,49,54,16,48,.333,5,18,.278,12,15,.800,4,24,8,6,0,12,19,,17,46,.370,4,14,.286,16,20,.800,5,31,8,6,6,9,15
146,5,2023-11-20,N,George Mason,South Dakota State,W,73,71,27,59,.458,10,26,.385,9,10,.900,11,39,12,3,5,11,13,,29,60,.483,8,21,.381,5,12,.417,5,25,10,4,1,6,13
147,6,2023-11-25,,George Mason,East Carolina,W,81,59,32,55,.582,9,24,.375,8,11,.727,6,31,18,6,7,6,15,,20,58,.345,6,20,.300,13,21,.619,10,27,9,3,3,6,14
148,7,2023-11-29,,George Mason,NJIT,W,86,68,30,60,.500,9,16,.563,17,29,.586,13,41,16,7,1,9,16,,20,60,.333,12,30,.400,16,20,.800,9,33,11,4,3,10,25
149,8,2023-12-02,@,George Mason,Toledo,W,86,77,31,60,.517,8,15,.533,16,18,.889,12,36,12,6,5,13,24,,24,57,.421,5,14,.357,24,30,.800,10,27,9,8,7,9,19
150,9,2023-12-05,@,George Mason,Tennessee,L,66,87,24,56,.429,11,25,.440,7,11,.636,4,25,11,6,4,13,15,,32,65,.492,9,26,.346,14,22,.636,11,40,27,8,4,9,12
151,10,2023-12-16,,George Mason,Loyola (MD),W,62,54,19,49,.388,4,20,.200,20,29,.690,11,41,8,1,5,8,14,,18,58,.310,6,23,.261,12,17,.706,10,33,10,6,1,7,19
152,11,2023-12-19,,George Mason,Bridgewater (VA),W,84,60,31,52,.596,3,11,.273,19,25,.760,5,40,9,4,7,16,16,,21,68,.309,12,35,.343,6,12,.500,12,28,14,8,4,10,17
153,12,2023-12-22,@,George Mason,Tulane,W,69,66,23,53,.434,8,21,.381,15,21,.714,7,41,15,5,6,15,18,,20,58,.345,10,31,.323,16,21,.762,5,28,12,12,4,8,16
154,13,2023-12-30,,George Mason,North Carolina A&T,W,94,69,34,58,.586,6,22,.273,20,25,.800,10,35,16,6,4,11,18,,23,56,.411,7,21,.333,16,25,.640,8,23,8,8,1,10,18
155,14,2024-01-03,@,George Mason,La Salle,W,77,62,29,55,.527,7,13,.538,12,15,.800,9,38,15,4,2,13,13,,23,61,.377,9,29,.310,7,9,.778,3,20,12,7,4,7,13
156,15,2024-01-06,,George Mason,Saint Louis,W,79,67,22,50,.440,8,22,.364,27,34,.794,8,23,7,6,2,5,13,,26,54,.481,7,20,.350,8,11,.727,6,28,11,3,4,16,26
157,16,2024-01-09,,George Mason,VCU,L,50,54,20,54,.370,0,15,.000,10,13,.769,9,29,3,9,2,11,14,,18,51,.353,7,25,.280,11,15,.733,9,34,10,10,5,11,14
158,17,2024-01-13,@,George Mason,Richmond,L,70,77,25,55,.455,8,22,.364,12,14,.857,8,31,14,3,1,10,20,,24,50,.480,10,20,.500,19,21,.905,4,26,10,7,2,7,14
159,18,2024-01-15,@,George Mason,George Washington,L,62,75,22,67,.328,5,23,.217,13,15,.867,11,32,12,12,3,11,17,,23,54,.426,8,21,.381,21,24,.875,10,39,11,4,7,16,13
160,19,2024-01-20,,George Mason,St. Bonaventure,W,69,60,23,49,.469,7,21,.333,16,23,.696,7,29,10,3,1,12,14,,21,59,.356,7,25,.280,11,12,.917,11,30,6,4,3,10,23
161,20,2024-01-27,,George Mason,Rhode Island,W,92,84,30,59,.508,7,22,.318,25,33,.758,9,36,10,3,4,2,18,,29,57,.509,13,27,.481,13,24,.542,6,29,12,1,1,8,29
162,,,,George Mason,,,,,School,School,School,School,School,School,School,School,School,School,School,School,School,School,School,School,,Opponent,Opponent,Opponent,Opponent,Opponent,Opponent,Opponent,Opponent,Opponent,Opponent,Opponent,Opponent,Opponent,Opponent,Opponent,Opponent
163,G,Date,,George Mason,Opp,W/L,Tm,Opp,FG,FGA,FG%,3P,3PA,3P%,FT,FTA,FT%,ORB,TRB,AST,STL,BLK,TOV,PF,,FG,FGA,FG%,3P,3PA,3P%,FT,FTA,FT%,ORB,TRB,AST,STL,BLK,TOV,PF
164,21,2024-01-31,@,George Mason,St. Joseph's,L,73,75,28,61,.459,10,27,.370,7,11,.636,4,25,16,6,1,9,13,,28,55,.509,8,22,.364,11,17,.647,8,32,12,8,7,11,11
165,22,2024-02-03,@,George Mason,UMass,L,65,66,22,53,.415,7,18,.389,14,19,.737,9,23,14,10,1,13,22,,21,54,.389,7,22,.318,17,24,.708,16,37,13,9,4,16,19
166,23,2024-02-07,,George Mason,Loyola (IL),L,79,85,22,37,.595,9,17,.529,26,33,.788,4,25,9,3,2,17,23,,27,53,.509,11,26,.423,20,26,.769,4,15,14,7,3,6,26
167,24,2024-02-10,@,George Mason,Davidson,W,57,55,19,46,.413,6,16,.375,13,18,.722,9,34,8,4,2,14,16,,18,52,.346,7,27,.259,12,13,.923,9,27,11,7,4,10,15
168,25,2024-02-13,,George Mason,George Washington,W,90,67,34,60,.567,10,26,.385,12,17,.706,8,39,14,5,4,9,14,,26,65,.400,8,27,.296,7,10,.700,7,28,10,7,2,7,16
169,26,2024-02-21,,George Mason,Dayton,W,71,67,21,44,.477,5,17,.294,24,29,.828,9,29,9,2,4,11,15,,23,56,.411,11,26,.423,10,14,.714,9,22,17,6,1,6,20
170,27,2024-02-24,@,George Mason,Loyola (IL),L,59,80,18,54,.333,5,22,.227,18,24,.750,12,29,11,8,4,15,20,,30,54,.556,10,21,.476,10,20,.500,11,32,24,12,3,11,21
171,28,2024-02-27,@,George Mason,Fordham,L,60,61,22,51,.431,5,15,.333,11,15,.733,7,34,12,3,5,14,15,,19,59,.322,12,30,.400,11,14,.786,12,30,12,7,8,7,16
172,29,2024-03-02,,George Mason,Duquesne,L,51,59,18,48,.375,4,20,.200,11,19,.579,10,26,8,10,2,15,19,,19,39,.487,3,15,.200,18,22,.818,3,26,9,12,3,18,21
173,30,2024-03-06,@,George Mason,Rhode Island,W,69,51,25,57,.439,9,26,.346,10,16,.625,8,37,12,5,4,5,19,,15,51,.294,4,19,.211,17,26,.654,8,30,7,2,6,8,13
174,31,2024-03-09,,George Mason,Richmond,W,64,46,26,50,.520,7,17,.412,5,9,.556,5,28,12,7,3,9,14,,19,46,.413,4,15,.267,4,8,.500,4,23,8,4,1,13,10
175,32,2024-03-13,N,George Mason,St. Joseph's,L,57,64,23,56,.411,1,13,.077,10,11,.909,8,29,8,5,6,8,13,,23,51,.451,10,27,.370,8,10,.800,5,25,14,6,4,8,12
176,1,2023-11-06,,Dayton,SIU-Edwardsville,W,63,47,20,48,.417,5,23,.217,18,22,.818,6,33,17,6,3,10,16,,16,50,.320,5,12,.417,10,15,.667,6,28,7,7,1,12,20
177,2,2023-11-10,@,Dayton,Northwestern,L,66,71,21,39,.538,12,23,.522,12,15,.800,3,21,16,3,1,15,17,,25,53,.472,5,14,.357,16,20,.800,10,25,14,9,1,6,14
178,3,2023-11-16,N,Dayton,LSU,W,70,67,22,56,.393,11,34,.324,15,22,.682,11,30,12,9,2,10,11,,26,49,.531,7,16,.438,8,12,.667,4,27,13,8,4,14,18
179,4,2023-11-17,N,Dayton,St. John's (NY),W,88,81,29,56,.518,7,17,.412,23,28,.821,7,28,12,8,3,11,17,,30,62,.484,7,18,.389,14,18,.778,12,35,13,4,1,14,22
180,5,2023-11-19,N,Dayton,Houston,L,55,69,19,47,.404,4,18,.222,13,16,.813,5,22,15,3,3,11,10,,27,63,.429,8,20,.400,7,8,.875,13,33,11,7,4,6,14
181,6,2023-11-24,,Dayton,Youngstown State,W,77,69,26,51,.510,10,23,.435,15,26,.577,6,35,15,3,9,8,11,,25,61,.410,13,29,.448,6,10,.600,4,30,14,4,2,7,20
182,7,2023-11-29,@,Dayton,SMU,W,65,63,24,51,.471,10,20,.500,7,10,.700,10,28,16,8,6,16,9,,26,63,.413,5,22,.227,6,8,.750,13,30,12,10,5,13,11
183,8,2023-12-02,,Dayton,Grambling,W,76,46,28,56,.500,14,28,.500,6,10,.600,11,35,21,4,8,12,11,,18,59,.305,2,19,.105,8,10,.800,11,25,9,7,2,8,13
184,9,2023-12-06,,Dayton,UNLV,,,,,,,,,,,,,,,,,,,,,,,,,,,,,,,,,,,,
185,10,2023-12-09,,Dayton,Troy,W,82,70,29,55,.527,10,20,.500,14,20,.700,9,35,13,5,10,11,20,,24,60,.400,11,28,.393,11,14,.786,9,27,16,7,5,11,20
186,11,2023-12-16,N,Dayton,Cincinnati,W,82,68,23,49,.469,8,21,.381,28,30,.933,5,32,9,3,7,6,13,,27,73,.370,6,25,.240,8,16,.500,18,37,11,3,3,6,19
187,12,2023-12-20,,Dayton,Oakland,W,91,67,31,62,.500,18,34,.529,11,14,.786,9,32,26,4,3,2,11,,26,60,.433,8,25,.320,7,9,.778,8,29,14,2,5,7,7
188,13,2023-12-30,,Dayton,Longwood,W,78,69,27,51,.529,11,27,.407,13,18,.722,4,25,17,7,3,5,14,,27,61,.443,6,15,.400,9,12,.750,11,34,15,3,1,7,16
189,14,2024-01-03,@,Dayton,Davidson,W,72,59,26,52,.500,7,21,.333,13,22,.591,7,33,11,12,2,12,14,,21,54,.389,10,30,.333,7,11,.636,7,29,15,4,2,14,19
190,15,2024-01-07,,Dayton,UMass,W,64,60,18,47,.383,10,29,.345,18,21,.857,6,29,12,4,2,11,11,,24,66,.364,3,22,.136,9,15,.600,18,41,11,7,1,8,19
191,16,2024-01-12,@,Dayton,Duquesne,W,72,62,25,53,.472,7,19,.368,15,19,.789,10,34,14,7,4,15,10,,25,62,.403,8,30,.267,4,5,.800,9,25,10,10,4,13,14
192,17,2024-01-16,,Dayton,Saint Louis,W,70,65,23,54,.426,8,28,.286,16,29,.552,11,40,12,6,6,8,11,,27,66,.409,8,23,.348,3,7,.429,10,36,15,5,2,10,19
193,18,2024-01-20,,Dayton,Rhode Island,W,96,62,33,59,.559,16,27,.593,14,20,.700,7,34,24,5,3,2,16,,21,53,.396,8,20,.400,12,18,.667,9,29,8,2,1,11,15
194,19,2024-01-23,@,Dayton,La Salle,W,66,54,27,57,.474,5,19,.263,7,8,.875,4,28,14,6,3,8,11,,21,59,.356,8,29,.276,4,5,.800,7,31,12,4,2,8,13
195,20,2024-01-27,@,Dayton,Richmond,L,64,69,20,59,.339,10,33,.303,14,20,.700,12,42,7,4,4,11,23,,21,55,.382,4,19,.211,23,30,.767,7,37,8,5,1,7,18
196,,,,Dayton,,,,,School,School,School,School,School,School,School,School,School,School,School,School,School,School,School,School,,Opponent,Opponent,Opponent,Opponent,Opponent,Opponent,Opponent,Opponent,Opponent,Opponent,Opponent,Opponent,Opponent,Opponent,Opponent,Opponent
197,G,Date,,Dayton,Opp,W/L,Tm,Opp,FG,FGA,FG%,3P,3PA,3P%,FT,FTA,FT%,ORB,TRB,AST,STL,BLK,TOV,PF,,FG,FGA,FG%,3P,3PA,3P%,FT,FTA,FT%,ORB,TRB,AST,STL,BLK,TOV,PF
198,21,2024-01-30,,Dayton,George Washington,W,83,61,29,60,.483,12,24,.500,13,16,.813,6,37,18,5,4,8,13,,21,65,.323,5,29,.172,14,17,.824,10,34,8,4,4,9,15
199,22,2024-02-02,,Dayton,St. Bonaventure,W,76,71,25,51,.490,3,15,.200,23,29,.793,8,30,11,2,7,6,11,,28,66,.424,10,30,.333,5,8,.625,11,33,13,4,1,6,22
200,23,2024-02-06,@,Dayton,St. Joseph's,W,94,79,33,58,.569,12,22,.545,16,22,.727,8,28,19,4,3,12,13,,31,64,.484,13,37,.351,4,8,.500,8,25,15,6,3,12,17
201,24,2024-02-09,@,Dayton,VCU,L,47,49,17,47,.362,4,17,.235,9,18,.500,2,29,9,5,1,8,11,,20,53,.377,5,21,.238,4,8,.500,4,34,13,6,4,8,12
202,25,2024-02-13,,Dayton,Duquesne,W,75,59,26,55,.473,7,22,.318,16,23,.696,7,29,12,6,3,4,10,,26,52,.500,6,20,.300,1,3,.333,4,26,18,4,4,11,17
203,26,2024-02-17,,Dayton,Fordham,W,78,70,27,47,.574,7,20,.350,17,25,.680,5,28,13,3,3,6,13,,24,58,.414,9,31,.290,13,15,.867,9,29,11,3,1,10,23
204,27,2024-02-21,@,Dayton,George Mason,L,67,71,23,56,.411,11,26,.423,10,14,.714,9,22,17,6,1,6,20,,21,44,.477,5,17,.294,24,29,.828,9,29,9,2,4,11,15
205,28,2024-02-27,,Dayton,Davidson,W,80,66,29,54,.537,12,28,.429,10,12,.833,4,33,17,7,6,13,13,,22,58,.379,8,27,.296,14,16,.875,5,25,15,8,3,7,11
206,29,2024-03-01,@,Dayton,Loyola (IL),L,72,77,24,46,.522,7,15,.467,17,20,.850,2,27,10,8,7,20,16,,26,59,.441,11,27,.407,14,19,.737,4,24,20,15,7,11,19
207,30,2024-03-05,@,Dayton,Saint Louis,W,100,83,36,65,.554,18,33,.545,10,14,.714,12,37,20,6,2,11,15,,31,61,.508,6,23,.261,15,16,.938,3,16,13,8,3,6,13
208,31,2024-03-08,,Dayton,VCU,W (1 OT),91,86,30,56,.536,12,22,.545,19,25,.760,5,35,19,4,2,14,12,,32,71,.451,18,42,.429,4,6,.667,9,29,13,6,5,11,21
209,32,2024-03-14,N,Dayton,Duquesne,L,57,65,16,50,.320,7,26,.269,18,25,.720,7,26,10,4,3,7,13,,24,57,.421,7,22,.318,10,13,.769,8,39,11,4,6,11,19
210,33,2024-03-21,N,Dayton,Nevada,W,63,60,21,46,.457,8,19,.421,13,15,.867,3,28,16,7,2,12,14,,25,58,.431,7,22,.318,3,6,.500,7,27,13,8,2,12,14
211,34,2024-03-23,N,Dayton,Arizona,L,68,78,24,59,.407,7,24,.292,13,15,.867,4,23,9,8,3,14,17,,28,53,.528,8,18,.444,14,20,.700,5,31,17,9,6,14,18
212,1,2023-11-06,,George Washington,Stonehill,W,89,44,33,65,.508,15,36,.417,8,14,.571,7,46,17,9,5,13,10,,15,70,.214,5,33,.152,9,12,.750,9,34,10,4,1,14,12
213,2,2023-11-11,,George Washington,William & Mary,W,95,89,28,56,.500,6,17,.353,33,38,.868,3,32,9,6,8,11,13,,31,77,.403,18,44,.409,9,9,1.000,9,34,23,6,3,11,24
214,3,2023-11-14,,George Washington,Hofstra,W,71,60,27,66,.409,8,23,.348,9,9,1.000,5,39,12,11,5,13,14,,25,67,.373,7,27,.259,3,3,1.000,3,32,12,6,6,15,13
215,4,2023-11-18,,George Washington,New Hampshire,W,79,67,25,56,.446,9,23,.391,20,25,.800,7,42,15,5,10,16,15,,26,72,.361,4,31,.129,11,17,.647,9,33,8,9,0,7,15
216,5,2023-11-24,N,George Washington,Ohio,W (2 OT),99,94,33,70,.471,12,29,.414,21,27,.778,4,36,14,8,1,19,19,,35,79,.443,9,33,.273,15,25,.600,11,40,8,8,7,18,19
217,6,2023-11-25,N,George Washington,UIC,L,79,89,27,66,.409,8,26,.308,17,23,.739,7,32,11,5,1,11,18,,32,63,.508,13,32,.406,12,21,.571,8,34,14,5,7,11,19
218,7,2023-11-26,N,George Washington,Delaware,W,81,71,30,57,.526,5,17,.294,16,19,.842,5,32,8,7,5,13,12,,30,68,.441,4,24,.167,7,10,.700,7,25,15,6,3,11,14
219,8,2023-12-01,@,George Washington,South Carolina,L,67,89,25,60,.417,11,22,.500,6,8,.750,9,33,15,3,4,10,9,,33,66,.500,18,35,.514,5,7,.714,9,31,19,7,6,3,9
220,9,2023-12-05,,George Washington,Navy,W (1 OT),79,77,27,57,.474,7,24,.292,18,33,.545,9,38,17,6,15,17,22,,24,76,.316,7,23,.304,22,24,.917,14,38,11,9,0,10,27
221,10,2023-12-09,,George Washington,Coppin State,W,76,45,28,61,.459,9,25,.360,11,14,.786,9,44,20,6,8,17,7,,20,77,.260,2,22,.091,3,4,.750,14,33,8,9,6,9,12
222,11,2023-12-12,,George Washington,Bowie State,W,88,73,29,57,.509,12,28,.429,18,23,.783,8,39,15,6,3,15,13,,32,74,.432,8,20,.400,1,4,.250,9,30,21,9,2,11,19
223,12,2023-12-21,,George Washington,Alcorn State,W,79,75,24,50,.480,15,34,.441,16,23,.696,6,27,16,6,5,14,11,,32,72,.444,4,15,.267,7,8,.875,12,36,10,7,3,15,19
224,13,2023-12-30,,George Washington,Maryland-Eastern Shore,W,69,63,22,53,.415,4,20,.200,21,35,.600,11,36,13,7,8,10,9,,23,67,.343,8,24,.333,9,12,.750,13,38,12,8,3,13,23
225,14,2024-01-03,,George Washington,Fordham,L (3 OT),113,119,40,79,.506,8,18,.444,25,30,.833,10,41,11,7,7,15,22,,39,89,.438,19,42,.452,22,29,.759,18,40,20,11,6,12,22
226,15,2024-01-06,@,George Washington,VCU,W,84,82,27,49,.551,9,16,.563,21,26,.808,2,25,10,5,6,10,15,,27,65,.415,11,24,.458,17,22,.773,12,31,13,5,3,8,19
227,16,2024-01-13,,George Washington,Davidson,W (1 OT),83,79,31,66,.470,13,29,.448,8,20,.400,11,34,15,7,4,13,17,,31,65,.477,8,25,.320,9,19,.474,12,40,11,6,3,13,22
228,17,2024-01-15,,George Washington,George Mason,W,75,62,23,54,.426,8,21,.381,21,24,.875,10,39,11,4,7,16,13,,22,67,.328,5,23,.217,13,15,.867,11,32,12,12,3,11,17
229,18,2024-01-20,@,George Washington,UMass,L,67,81,21,58,.362,9,26,.346,16,20,.800,9,32,14,7,0,15,14,,33,65,.508,8,27,.296,7,11,.636,9,35,22,5,3,8,17
230,19,2024-01-24,@,George Washington,Richmond,L,74,82,27,72,.375,9,29,.310,11,13,.846,13,45,6,5,4,9,15,,27,60,.450,12,23,.522,16,20,.800,5,34,11,8,3,7,9
231,20,2024-01-27,,George Washington,La Salle,L,70,80,24,64,.375,3,18,.167,19,24,.792,11,37,7,8,5,9,16,,30,61,.492,10,19,.526,10,13,.769,4,31,15,5,6,9,17
232,,,,George Washington,,,,,School,School,School,School,School,School,School,School,School,School,School,School,School,School,School,School,,Opponent,Opponent,Opponent,Opponent,Opponent,Opponent,Opponent,Opponent,Opponent,Opponent,Opponent,Opponent,Opponent,Opponent,Opponent,Opponent
233,G,Date,,George Washington,Opp,W/L,Tm,Opp,FG,FGA,FG%,3P,3PA,3P%,FT,FTA,FT%,ORB,TRB,AST,STL,BLK,TOV,PF,,FG,FGA,FG%,3P,3PA,3P%,FT,FTA,FT%,ORB,TRB,AST,STL,BLK,TOV,PF
234,21,2024-01-30,@,George Washington,Dayton,L,61,83,21,65,.323,5,29,.172,14,17,.824,10,34,8,4,4,9,15,,29,60,.483,12,24,.500,13,16,.813,6,37,18,5,4,8,13
235,22,2024-02-06,,George Washington,Rhode Island,L,65,88,25,61,.410,5,29,.172,10,19,.526,8,26,12,7,5,14,21,,33,64,.516,4,16,.250,18,22,.818,10,38,11,8,5,11,16
236,23,2024-02-10,,George Washington,Loyola (IL),L,73,81,21,60,.350,10,30,.333,21,27,.778,11,33,11,5,7,8,19,,30,69,.435,9,28,.321,12,14,.857,11,39,18,5,4,6,21
237,24,2024-02-13,@,George Washington,George Mason,L,67,90,26,65,.400,8,27,.296,7,10,.700,7,28,10,7,2,7,16,,34,60,.567,10,26,.385,12,17,.706,8,39,14,5,4,9,14
238,25,2024-02-17,,George Washington,Richmond,L,74,90,26,64,.406,11,27,.407,11,15,.733,7,29,10,3,0,7,14,,36,64,.563,7,18,.389,11,13,.846,4,32,21,3,4,4,12
239,26,2024-02-21,@,George Washington,St. Joseph's,L,75,79,26,57,.456,12,27,.444,11,13,.846,4,23,13,3,4,7,21,,25,53,.472,9,22,.409,20,27,.741,8,32,16,4,4,5,10
240,27,2024-02-24,@,George Washington,Saint Louis,L,91,96,31,60,.517,11,29,.379,18,23,.783,6,30,12,4,4,10,24,,28,55,.509,13,26,.500,27,33,.818,6,30,17,5,3,7,16
241,28,2024-02-27,,George Washington,UMass,L,57,69,21,52,.404,6,28,.214,9,12,.750,9,25,10,10,0,12,7,,30,58,.517,8,24,.333,1,4,.250,7,29,18,8,2,13,10
242,29,2024-03-02,@,George Washington,La Salle,L,66,72,24,51,.471,7,18,.389,11,14,.786,4,28,6,1,5,8,10,,28,65,.431,7,21,.333,9,11,.818,10,29,12,8,1,3,8
243,30,2024-03-06,,George Washington,St. Bonaventure,W,86,75,27,46,.587,15,29,.517,17,23,.739,4,26,19,6,3,12,10,,27,56,.482,11,24,.458,10,12,.833,4,21,11,7,1,7,21
244,31,2024-03-09,@,George Washington,Duquesne,L,65,67,25,55,.455,7,19,.368,8,9,.889,7,27,15,7,6,12,11,,26,57,.456,4,12,.333,11,11,1.000,8,32,10,8,6,11,9
245,32,2024-03-12,N,George Washington,La Salle,L,60,61,17,49,.347,10,23,.435,16,24,.667,6,40,13,4,2,10,13,,24,67,.358,8,23,.348,5,8,.625,10,36,10,7,2,4,17
246,1,2023-11-06,,Rhode Island,Central Connecticut,W,81,70,32,57,.561,5,12,.417,12,23,.522,9,32,18,9,3,13,15,,28,67,.418,5,21,.238,9,13,.692,12,29,13,5,7,11,20
247,2,2023-11-09,,Rhode Island,Fairfield,W,93,80,34,65,.523,9,21,.429,16,29,.552,14,44,21,11,2,18,21,,25,68,.368,13,36,.361,17,21,.810,13,33,15,8,3,14,20
248,3,2023-11-14,,Rhode Island,Wagner,W,69,53,26,50,.520,2,10,.200,15,26,.577,9,42,16,4,3,9,12,,19,60,.317,10,28,.357,5,9,.556,5,23,15,6,2,5,20
249,4,2023-11-18,N,Rhode Island,Northwestern,L,61,72,19,49,.388,8,19,.421,15,22,.682,9,27,6,4,4,14,15,,27,62,.435,8,19,.421,10,13,.769,17,37,17,8,6,9,21
250,5,2023-11-19,N,Rhode Island,Washington State,L,57,78,22,53,.415,3,17,.176,10,12,.833,4,23,9,1,2,11,18,,33,64,.516,3,17,.176,9,16,.563,11,33,13,9,8,5,16
251,6,2023-11-22,,Rhode Island,Johnson & Wales (RI),W,97,59,35,69,.507,7,21,.333,20,31,.645,18,52,16,5,6,6,12,,23,64,.359,9,25,.360,4,11,.364,6,23,8,3,9,10,20
252,7,2023-11-26,,Rhode Island,Yale,W,76,72,31,61,.508,8,20,.400,6,12,.500,13,33,15,4,3,10,9,,29,59,.492,10,26,.385,4,6,.667,6,25,13,6,6,5,15
253,8,2023-12-02,@,Rhode Island,Providence,L,69,84,28,62,.452,6,12,.500,7,15,.467,7,31,8,5,2,11,19,,32,65,.492,8,20,.400,12,16,.750,10,40,12,9,5,9,14
254,9,2023-12-06,,Rhode Island,Brown,L,64,67,23,49,.469,3,13,.231,15,31,.484,10,37,13,4,2,12,17,,21,55,.382,10,27,.370,15,25,.600,10,29,12,9,5,8,21
255,10,2023-12-10,@,Rhode Island,College of Charleston,L,70,85,29,61,.475,9,23,.391,3,4,.750,4,26,11,5,3,17,14,,34,67,.507,10,23,.435,7,13,.538,10,36,16,10,3,11,10
256,11,2023-12-16,N,Rhode Island,Delaware,L,56,67,21,50,.420,5,17,.294,9,10,.900,7,32,14,7,6,19,14,,23,58,.397,5,21,.238,16,18,.889,10,25,14,12,3,12,11
257,12,2023-12-21,,Rhode Island,New Hampshire,L,71,81,25,65,.385,5,22,.227,16,24,.667,11,37,12,5,6,12,16,,28,65,.431,13,24,.542,12,19,.632,10,42,14,6,1,11,19
258,13,2023-12-30,,Rhode Island,Northeastern,W,82,71,31,56,.554,7,16,.438,13,20,.650,9,32,16,10,5,15,13,,28,55,.509,3,13,.231,12,16,.750,5,19,13,9,5,15,18
259,14,2024-01-03,,Rhode Island,St. Joseph's,W,78,74,25,61,.410,6,25,.240,22,35,.629,11,38,18,7,4,9,20,,25,63,.397,8,30,.267,16,26,.615,12,38,12,8,3,11,25
260,15,2024-01-09,@,Rhode Island,Davidson,W,79,74,25,49,.510,7,20,.350,22,33,.667,5,31,12,3,4,12,21,,25,55,.455,9,23,.391,15,23,.652,7,26,14,5,2,8,22
261,16,2024-01-13,,Rhode Island,UMass,W,89,77,27,52,.519,14,23,.609,21,28,.750,8,34,14,0,2,9,23,,27,66,.409,3,15,.200,20,28,.714,14,32,9,3,4,3,24
262,17,2024-01-17,@,Rhode Island,St. Bonaventure,L,64,99,22,54,.407,6,19,.316,14,22,.636,9,33,11,3,0,18,16,,38,66,.576,11,24,.458,12,17,.706,7,25,22,9,8,4,19
263,18,2024-01-20,@,Rhode Island,Dayton,L,62,96,21,53,.396,8,20,.400,12,18,.667,9,29,8,2,1,11,15,,33,59,.559,16,27,.593,14,20,.700,7,34,24,5,3,2,16
264,19,2024-01-24,,Rhode Island,Fordham,L,68,71,23,51,.451,4,13,.308,18,30,.600,6,37,15,4,3,14,22,,27,57,.474,8,22,.364,9,25,.360,3,28,11,9,3,6,22
265,20,2024-01-27,@,Rhode Island,George Mason,L,84,92,29,57,.509,13,27,.481,13,24,.542,6,29,12,1,1,8,29,,30,59,.508,7,22,.318,25,33,.758,9,36,10,3,4,2,18
266,,,,Rhode Island,,,,,School,School,School,School,School,School,School,School,School,School,School,School,School,School,School,School,,Opponent,Opponent,Opponent,Opponent,Opponent,Opponent,Opponent,Opponent,Opponent,Opponent,Opponent,Opponent,Opponent,Opponent,Opponent,Opponent
267,G,Date,,Rhode Island,Opp,W/L,Tm,Opp,FG,FGA,FG%,3P,3PA,3P%,FT,FTA,FT%,ORB,TRB,AST,STL,BLK,TOV,PF,,FG,FGA,FG%,3P,3PA,3P%,FT,FTA,FT%,ORB,TRB,AST,STL,BLK,TOV,PF
268,21,2024-01-31,,Rhode Island,La Salle,W,71,69,24,56,.429,5,12,.417,18,27,.667,9,39,13,2,3,11,17,,26,71,.366,8,31,.258,9,18,.500,12,32,15,8,5,7,17
269,22,2024-02-03,,Rhode Island,Duquesne,L,71,85,26,58,.448,5,18,.278,14,20,.700,7,23,12,6,2,10,17,,28,53,.528,14,27,.519,15,17,.882,5,28,20,5,6,13,18
270,23,2024-02-06,@,Rhode Island,George Washington,W,88,65,33,64,.516,4,16,.250,18,22,.818,10,38,11,8,5,11,16,,25,61,.410,5,29,.172,10,19,.526,8,26,12,7,5,14,21
271,24,2024-02-11,@,Rhode Island,UMass,L,79,81,29,61,.475,8,15,.533,13,16,.813,6,24,15,6,3,12,18,,31,64,.484,11,28,.393,8,18,.444,8,31,20,9,2,9,13
272,25,2024-02-18,,Rhode Island,Loyola (IL),L,67,77,25,56,.446,4,17,.235,13,22,.591,4,24,13,8,4,8,16,,28,61,.459,6,24,.250,15,17,.882,11,41,15,6,9,12,21
273,26,2024-02-21,,Rhode Island,Richmond,L,77,85,27,59,.458,9,19,.474,14,18,.778,9,29,17,4,2,12,17,,33,60,.550,9,21,.429,10,18,.556,6,30,21,6,3,7,17
274,27,2024-02-25,@,Rhode Island,La Salle,L,61,84,25,62,.403,6,22,.273,5,9,.556,6,28,10,5,2,14,15,,31,61,.508,12,26,.462,10,13,.769,4,31,18,8,6,9,14
275,28,2024-02-28,@,Rhode Island,VCU,L,67,88,22,53,.415,9,28,.321,14,18,.778,6,24,13,4,4,15,17,,30,62,.484,10,29,.345,18,21,.857,10,36,15,10,4,10,17
276,29,2024-03-02,,Rhode Island,Saint Louis,L,91,94,29,56,.518,11,25,.440,22,32,.688,13,30,12,2,2,12,20,,33,61,.541,11,21,.524,17,21,.810,9,26,19,6,6,5,21
277,30,2024-03-06,,Rhode Island,George Mason,L,51,69,15,51,.294,4,19,.211,17,26,.654,8,30,7,2,6,8,13,,25,57,.439,9,26,.346,10,16,.625,8,37,12,5,4,5,19
278,31,2024-03-09,@,Rhode Island,Fordham,W,58,50,18,46,.391,3,19,.158,19,30,.633,6,37,8,6,1,15,17,,17,63,.270,7,29,.241,9,15,.600,9,34,10,5,6,11,22
279,32,2024-03-12,N,Rhode Island,Saint Louis,L,71,74,25,54,.463,6,19,.316,15,24,.625,7,31,12,4,3,11,17,,28,59,.475,6,22,.273,12,20,.600,8,34,20,7,3,9,19
280,1,2023-11-06,,Richmond,VMI,W,93,75,28,63,.444,13,37,.351,24,32,.750,10,41,16,11,3,7,12,,29,65,.446,8,19,.421,9,14,.643,9,37,11,4,0,14,20
281,2,2023-11-11,,Richmond,Siena,W,90,48,35,59,.593,10,18,.556,10,15,.667,3,26,21,14,1,7,13,,20,50,.400,4,20,.200,4,11,.364,9,27,9,4,8,21,18
282,3,2023-11-15,@,Richmond,Boston College,L,61,68,24,60,.400,5,19,.263,8,12,.667,6,29,10,6,6,5,15,,22,59,.373,7,18,.389,17,19,.895,12,41,13,3,3,11,13
283,4,2023-11-20,N,Richmond,Colorado,L,59,64,23,51,.451,5,20,.250,8,11,.727,6,24,6,7,2,12,21,,20,47,.426,3,10,.300,21,25,.840,7,28,9,7,2,12,11
284,5,2023-11-21,N,Richmond,UNLV,W,82,65,33,55,.600,9,14,.643,7,10,.700,4,29,20,4,8,9,10,,24,62,.387,7,25,.280,10,12,.833,8,26,9,5,2,8,9
285,6,2023-11-25,,Richmond,Queens (NC),W,90,61,39,74,.527,8,25,.320,4,4,1.000,5,43,14,8,4,6,11,,23,72,.319,10,40,.250,5,10,.500,11,39,10,4,3,14,11
286,7,2023-11-29,@,Richmond,Wichita State,L,68,80,30,66,.455,7,23,.304,1,3,.333,3,25,12,1,2,6,14,,32,62,.516,7,21,.333,9,17,.529,10,39,16,5,4,6,11
287,8,2023-12-02,,Richmond,William & Mary,W,88,69,34,62,.548,12,30,.400,8,11,.727,5,31,12,6,2,5,15,,24,62,.387,10,29,.345,11,16,.688,12,35,11,1,3,7,13
288,9,2023-12-06,@,Richmond,Northern Iowa,L,73,78,25,54,.463,6,18,.333,17,20,.850,5,29,9,6,1,14,15,,27,60,.450,12,29,.414,12,17,.706,10,32,17,9,2,11,20
289,10,2023-12-09,N,Richmond,Florida,L,76,87,27,63,.429,11,22,.500,11,19,.579,4,29,17,9,1,8,20,,29,65,.446,9,29,.310,20,25,.800,13,48,14,4,5,12,16
290,11,2023-12-16,,Richmond,Charlotte,W,64,56,24,58,.414,3,17,.176,13,20,.650,7,33,9,10,3,5,12,,19,55,.345,10,35,.286,8,12,.667,8,38,13,3,3,12,18
291,12,2023-12-21,,Richmond,Buffalo,W,72,66,27,59,.458,5,19,.263,13,18,.722,4,43,14,2,3,8,10,,26,72,.361,7,37,.189,7,12,.583,8,36,13,2,1,6,14
292,13,2023-12-30,,Richmond,Lafayette,W,59,38,24,61,.393,9,27,.333,2,6,.333,10,44,14,7,3,14,13,,14,56,.250,1,20,.050,9,13,.692,7,37,6,10,4,15,12
293,14,2024-01-06,,Richmond,St. Bonaventure,W,65,54,24,55,.436,5,21,.238,12,18,.667,9,34,16,11,4,6,11,,19,49,.388,5,17,.294,11,14,.786,5,30,5,4,1,14,15
294,15,2024-01-09,@,Richmond,Loyola (IL),W,58,56,22,57,.386,10,22,.455,4,8,.500,2,30,15,6,3,11,14,,20,52,.385,8,22,.364,8,14,.571,3,35,13,9,3,15,16
295,16,2024-01-13,,Richmond,George Mason,W,77,70,24,50,.480,10,20,.500,19,21,.905,4,26,10,7,2,7,14,,25,55,.455,8,22,.364,12,14,.857,8,31,14,3,1,10,20
296,17,2024-01-16,@,Richmond,Duquesne,W,63,61,24,50,.480,5,15,.333,10,14,.714,6,30,14,6,6,10,13,,24,57,.421,6,19,.316,7,11,.636,6,27,14,4,2,9,13
297,18,2024-01-20,@,Richmond,Davidson,W (1 OT),69,64,24,60,.400,7,21,.333,14,16,.875,6,41,12,9,3,6,14,,24,64,.375,8,26,.308,8,13,.615,6,36,11,4,2,11,13
298,19,2024-01-24,,Richmond,George Washington,W,82,74,27,60,.450,12,23,.522,16,20,.800,5,34,11,8,3,7,9,,27,72,.375,9,29,.310,11,13,.846,13,45,6,5,4,9,15
299,20,2024-01-27,,Richmond,Dayton,W,69,64,21,55,.382,4,19,.211,23,30,.767,7,37,8,5,1,7,18,,20,59,.339,10,33,.303,14,20,.700,12,42,7,4,4,11,23
300,,,,Richmond,,,,,School,School,School,School,School,School,School,School,School,School,School,School,School,School,School,School,,Opponent,Opponent,Opponent,Opponent,Opponent,Opponent,Opponent,Opponent,Opponent,Opponent,Opponent,Opponent,Opponent,Opponent,Opponent,Opponent
301,G,Date,,Richmond,Opp,W/L,Tm,Opp,FG,FGA,FG%,3P,3PA,3P%,FT,FTA,FT%,ORB,TRB,AST,STL,BLK,TOV,PF,,FG,FGA,FG%,3P,3PA,3P%,FT,FTA,FT%,ORB,TRB,AST,STL,BLK,TOV,PF
302,21,2024-01-31,@,Richmond,Fordham,W,83,69,31,53,.585,8,14,.571,13,16,.813,0,24,14,6,1,10,16,,23,56,.411,9,27,.333,14,20,.700,9,31,11,5,4,12,15
303,22,2024-02-03,@,Richmond,VCU,L,52,63,18,51,.353,3,18,.167,13,17,.765,3,24,12,6,2,9,19,,20,54,.370,5,18,.278,18,20,.900,9,42,15,3,4,11,16
304,23,2024-02-10,,Richmond,La Salle,W,82,65,29,56,.518,7,16,.438,17,18,.944,1,29,12,6,4,4,13,,27,58,.466,6,20,.300,5,9,.556,5,32,9,2,1,13,20
305,24,2024-02-14,,Richmond,UMass,L,59,69,18,54,.333,7,25,.280,16,25,.640,4,26,8,8,2,6,18,,21,55,.382,6,22,.273,21,24,.875,9,44,10,3,4,11,17
306,25,2024-02-17,@,Richmond,George Washington,W,90,74,36,64,.563,7,18,.389,11,13,.846,4,32,21,3,4,4,12,,26,64,.406,11,27,.407,11,15,.733,7,29,10,3,0,7,14
307,26,2024-02-21,@,Richmond,Rhode Island,W,85,77,33,60,.550,9,21,.429,10,18,.556,6,30,21,6,3,7,17,,27,59,.458,9,19,.474,14,18,.778,9,29,17,4,2,12,17
308,27,2024-02-24,,Richmond,Davidson,W,66,63,21,51,.412,7,21,.333,17,22,.773,5,29,13,8,3,9,15,,22,54,.407,6,22,.273,13,17,.765,10,36,10,5,0,13,18
309,28,2024-02-28,@,Richmond,Saint Louis,W,80,64,31,60,.517,11,19,.579,7,9,.778,4,30,19,9,2,9,13,,23,61,.377,7,20,.350,11,14,.786,11,34,16,6,7,11,10
310,29,2024-03-02,,Richmond,VCU,W,79,76,26,49,.531,9,22,.409,18,26,.692,3,30,9,6,4,10,12,,26,56,.464,10,24,.417,14,18,.778,4,27,13,7,3,9,17
311,30,2024-03-06,,Richmond,St. Joseph's,W,73,66,26,56,.464,3,9,.333,18,22,.818,5,31,11,6,4,8,15,,25,61,.410,9,30,.300,7,13,.538,8,32,8,6,6,13,19
312,31,2024-03-09,@,Richmond,George Mason,L,46,64,19,46,.413,4,15,.267,4,8,.500,4,23,8,4,1,13,10,,26,50,.520,7,17,.412,5,9,.556,5,28,12,7,3,9,14
313,32,2024-03-14,N,Richmond,St. Joseph's,L,61,66,24,56,.429,5,18,.278,8,11,.727,5,29,16,6,3,7,17,,23,55,.418,6,22,.273,14,18,.778,11,40,8,4,1,11,11
314,33,2024-03-19,@,Richmond,Virginia Tech,L,58,74,23,61,.377,6,22,.273,6,9,.667,6,26,12,3,3,8,17,,26,54,.481,7,18,.389,15,17,.882,7,34,15,4,2,8,10
315,1,2023-11-06,,St. Joseph's,Lafayette,W,81,60,29,63,.460,12,34,.353,11,21,.524,8,30,21,8,0,8,18,,20,54,.370,8,28,.286,12,19,.632,10,32,11,6,4,15,19
316,2,2023-11-10,,St. Joseph's,Penn,W,69,61,24,60,.400,7,25,.280,14,18,.778,6,30,17,7,2,9,13,,23,62,.371,9,24,.375,6,11,.545,9,35,13,5,5,16,17
317,3,2023-11-14,,St. Joseph's,Stonehill,W,100,56,39,66,.591,15,36,.417,7,9,.778,7,43,26,6,9,14,17,,17,62,.274,7,31,.226,15,20,.750,5,20,8,7,2,15,13
318,4,2023-11-17,,St. Joseph's,Texas A&M-Commerce,L,54,57,18,66,.273,6,30,.200,12,16,.750,14,42,7,7,3,11,18,,21,58,.362,7,26,.269,8,17,.471,8,37,11,8,6,12,17
319,5,2023-11-20,@,St. Joseph's,Kentucky,L (1 OT),88,96,32,75,.427,15,37,.405,9,12,.750,12,39,20,5,3,14,21,,33,64,.516,12,25,.480,18,27,.667,5,32,24,12,8,9,10
320,6,2023-11-26,,St. Joseph's,Sacred Heart,W,64,55,23,52,.442,11,33,.333,7,13,.538,4,32,17,10,4,20,16,,19,55,.345,4,20,.200,13,22,.591,7,30,8,17,3,18,11
321,7,2023-11-29,@,St. Joseph's,Villanova,W,78,65,29,51,.569,14,27,.519,6,10,.600,5,25,19,9,3,9,15,,22,56,.393,10,37,.270,11,14,.786,10,27,15,5,2,16,16
322,8,2023-12-02,N,St. Joseph's,Temple,W,74,65,24,52,.462,8,21,.381,18,20,.900,6,37,16,7,5,12,13,,23,65,.354,7,26,.269,12,20,.600,12,33,13,9,5,9,14
323,9,2023-12-06,,St. Joseph's,American,W,69,53,26,55,.473,12,31,.387,5,6,.833,11,35,14,3,2,9,13,,19,51,.373,3,24,.125,12,17,.706,11,22,8,5,2,7,10
324,10,2023-12-10,,St. Joseph's,Princeton,W,74,70,27,59,.458,7,26,.269,13,16,.813,11,28,9,8,5,8,11,,26,55,.473,16,38,.421,2,6,.333,10,27,13,1,1,12,16
325,11,2023-12-16,N,St. Joseph's,Iona,W,83,58,26,50,.520,15,30,.500,16,24,.667,8,38,15,5,3,16,18,,18,65,.277,7,30,.233,15,23,.652,16,33,13,13,1,8,17
326,12,2023-12-21,@,St. Joseph's,College of Charleston,L,82,89,29,71,.408,11,33,.333,13,16,.813,8,33,15,7,3,10,20,,28,65,.431,13,36,.361,20,24,.833,12,42,17,5,7,14,15
327,13,2023-12-29,,St. Joseph's,Loyola (MD),W,97,56,33,69,.478,15,36,.417,16,19,.842,11,38,20,12,4,7,16,,21,62,.339,7,28,.250,7,15,.467,14,35,9,2,2,17,14
328,14,2024-01-03,@,St. Joseph's,Rhode Island,L,74,78,25,63,.397,8,30,.267,16,26,.615,12,38,12,8,3,11,25,,25,61,.410,6,25,.240,22,35,.629,11,38,18,7,4,9,20
329,15,2024-01-10,@,St. Joseph's,Saint Louis,L,85,88,25,66,.379,12,35,.343,23,28,.821,12,33,13,5,5,5,17,,26,56,.464,14,26,.538,22,27,.815,8,30,16,3,6,7,19
330,16,2024-01-13,,St. Joseph's,Loyola (IL),L,75,78,24,57,.421,9,25,.360,18,24,.750,5,27,12,10,4,11,16,,28,64,.438,10,27,.370,12,20,.600,9,34,13,7,4,16,23
331,17,2024-01-15,,St. Joseph's,La Salle,W,82,62,29,57,.509,9,23,.391,15,18,.833,13,44,16,2,3,8,11,,22,61,.361,8,32,.250,10,12,.833,4,21,12,4,0,2,14
332,18,2024-01-20,,St. Joseph's,Duquesne,W,71,69,26,55,.473,7,17,.412,12,19,.632,8,31,11,7,3,10,16,,24,58,.414,9,24,.375,12,14,.857,8,31,10,6,5,11,18
333,19,2024-01-23,@,St. Joseph's,UMass,W,78,77,29,61,.475,9,19,.474,11,17,.647,7,33,14,11,6,13,15,,29,65,.446,5,16,.313,14,17,.824,10,38,19,9,4,17,16
334,20,2024-01-26,@,St. Joseph's,St. Bonaventure,L,72,91,30,58,.517,10,24,.417,2,2,1.000,8,28,16,4,2,15,8,,36,62,.581,12,27,.444,7,8,.875,6,24,23,11,6,6,7
335,,,,St. Joseph's,,,,,School,School,School,School,School,School,School,School,School,School,School,School,School,School,School,School,,Opponent,Opponent,Opponent,Opponent,Opponent,Opponent,Opponent,Opponent,Opponent,Opponent,Opponent,Opponent,Opponent,Opponent,Opponent,Opponent
336,G,Date,,St. Joseph's,Opp,W/L,Tm,Opp,FG,FGA,FG%,3P,3PA,3P%,FT,FTA,FT%,ORB,TRB,AST,STL,BLK,TOV,PF,,FG,FGA,FG%,3P,3PA,3P%,FT,FTA,FT%,ORB,TRB,AST,STL,BLK,TOV,PF
337,21,2024-01-31,,St. Joseph's,George Mason,W,75,73,28,55,.509,8,22,.364,11,17,.647,8,32,12,8,7,11,11,,28,61,.459,10,27,.370,7,11,.636,4,25,16,6,1,9,13
338,22,2024-02-03,@,St. Joseph's,La Salle,W,88,82,26,55,.473,10,21,.476,26,33,.788,10,38,11,3,3,12,14,,28,69,.406,14,34,.412,12,17,.706,11,32,18,9,5,6,22
339,23,2024-02-06,,St. Joseph's,Dayton,L,79,94,31,64,.484,13,37,.351,4,8,.500,8,25,15,6,3,12,17,,33,58,.569,12,22,.545,16,22,.727,8,28,19,4,3,12,13
340,24,2024-02-10,,St. Joseph's,Saint Louis,W,87,86,29,66,.439,11,31,.355,18,25,.720,7,27,14,11,3,9,18,,28,57,.491,11,26,.423,19,22,.864,7,38,8,7,6,21,24
341,25,2024-02-14,@,St. Joseph's,Loyola (IL),L,59,64,19,58,.328,7,29,.241,14,15,.933,7,23,9,7,8,8,17,,22,52,.423,7,20,.350,13,16,.813,9,36,19,6,5,14,18
342,26,2024-02-17,@,St. Joseph's,Duquesne,L,56,66,18,56,.321,9,37,.243,11,17,.647,12,34,12,12,4,12,15,,23,52,.442,9,18,.500,11,13,.846,9,36,16,7,5,16,14
343,27,2024-02-21,,St. Joseph's,George Washington,W,79,75,25,53,.472,9,22,.409,20,27,.741,8,32,16,4,4,5,10,,26,57,.456,12,27,.444,11,13,.846,4,23,13,3,4,7,21
344,28,2024-02-25,@,St. Joseph's,VCU,L,69,73,22,56,.393,12,29,.414,13,19,.684,7,30,11,5,4,9,17,,24,55,.436,8,22,.364,17,19,.895,9,37,19,5,2,9,16
345,29,2024-03-02,,St. Joseph's,Fordham,W,82,69,30,65,.462,7,28,.250,15,21,.714,9,31,21,10,4,8,17,,25,61,.410,7,24,.292,12,19,.632,15,38,8,5,2,16,21
346,30,2024-03-06,@,St. Joseph's,Richmond,L,66,73,25,61,.410,9,30,.300,7,13,.538,8,32,8,6,6,13,19,,26,56,.464,3,9,.333,18,22,.818,5,31,11,6,4,8,15
347,31,2024-03-09,,St. Joseph's,Davidson,W,89,71,28,59,.475,10,24,.417,23,31,.742,10,34,15,7,4,11,14,,27,67,.403,6,24,.250,11,12,.917,10,30,13,9,6,10,20
348,32,2024-03-13,N,St. Joseph's,George Mason,W,64,57,23,51,.451,10,27,.370,8,10,.800,5,25,14,6,4,8,12,,23,56,.411,1,13,.077,10,11,.909,8,29,8,5,6,8,13
349,33,2024-03-14,N,St. Joseph's,Richmond,W,66,61,23,55,.418,6,22,.273,14,18,.778,11,40,8,4,1,11,11,,24,56,.429,5,18,.278,8,11,.727,5,29,16,6,3,7,17
350,34,2024-03-16,N,St. Joseph's,VCU,L,60,66,24,55,.436,8,27,.296,4,7,.571,8,31,19,7,1,13,13,,29,57,.509,4,20,.200,4,8,.500,5,28,8,10,5,8,12
351,35,2024-03-20,@,St. Joseph's,Seton Hall,L (1 OT),72,75,30,69,.435,10,38,.263,2,3,.667,7,30,18,10,5,16,12,,27,65,.415,9,30,.300,12,14,.857,9,40,12,13,7,13,12
352,1,2023-11-06,,Saint Louis,Southern Indiana,W,75,63,24,66,.364,9,21,.429,18,28,.643,12,43,13,7,1,6,14,,27,65,.415,4,18,.222,5,8,.625,8,41,14,2,8,12,22
353,2,2023-11-08,,Saint Louis,Lincoln (MO),W,102,66,34,55,.618,9,18,.500,25,39,.641,4,34,13,15,5,12,22,,21,65,.323,8,25,.320,16,27,.593,14,38,9,5,2,19,25
354,3,2023-11-11,,Saint Louis,Illinois State,W,80,71,22,52,.423,6,21,.286,30,37,.811,3,29,8,6,3,9,19,,24,61,.393,9,29,.310,14,22,.636,9,38,9,3,1,15,27
355,4,2023-11-16,N,Saint Louis,Wyoming,W,79,69,27,57,.474,8,20,.400,17,22,.773,6,30,11,13,5,14,18,,25,71,.352,3,21,.143,16,17,.941,19,41,10,5,2,19,20
356,5,2023-11-17,N,Saint Louis,Vermont,L,68,78,23,55,.418,10,18,.556,12,19,.632,6,28,14,4,0,8,15,,29,52,.558,11,24,.458,9,14,.643,3,29,14,6,4,8,14
357,6,2023-11-19,N,Saint Louis,Wichita State,L,69,88,23,65,.354,8,29,.276,15,18,.833,5,29,14,5,5,8,16,,33,68,.485,7,22,.318,15,19,.789,7,43,11,5,2,10,15
358,7,2023-11-25,,Saint Louis,Dartmouth,W,66,65,23,60,.383,4,15,.267,16,21,.762,8,31,9,6,1,6,17,,23,53,.434,6,26,.231,13,17,.765,7,35,11,4,3,10,19
359,8,2023-11-28,,Saint Louis,Utah State,L,76,81,27,57,.474,10,24,.417,12,13,.923,4,20,16,7,0,10,11,,35,61,.574,6,23,.261,5,10,.500,12,33,20,5,7,12,12
360,9,2023-12-02,@,Saint Louis,Southern Illinois,L,62,101,22,51,.431,4,18,.222,14,24,.583,11,26,9,7,3,19,15,,37,56,.661,18,29,.621,9,14,.643,5,27,25,16,6,10,20
361,10,2023-12-06,@,Saint Louis,Drake,L,69,75,23,52,.442,5,14,.357,18,22,.818,8,31,6,8,2,14,22,,22,54,.407,8,24,.333,23,30,.767,8,29,15,7,4,10,16
362,11,2023-12-09,,Saint Louis,Hofstra,W,71,68,24,53,.453,13,29,.448,10,15,.667,8,28,14,5,2,12,13,,24,57,.421,7,25,.280,13,14,.929,6,28,9,5,2,11,17
363,12,2023-12-16,,Saint Louis,Louisiana Tech,W,75,74,27,50,.540,10,18,.556,11,15,.733,6,32,18,0,1,9,20,,24,59,.407,7,22,.318,19,27,.704,12,32,12,5,3,0,15
364,13,2023-12-20,@,Saint Louis,NC State,L,70,82,23,46,.500,1,12,.083,23,29,.793,7,33,10,3,3,15,22,,31,62,.500,9,25,.360,11,22,.500,10,26,13,6,1,6,19
365,14,2024-01-03,,Saint Louis,Loyola (IL),L,73,80,28,66,.424,9,26,.346,8,19,.421,14,38,10,6,3,14,16,,28,55,.509,10,23,.435,14,23,.609,5,29,16,12,5,9,22
366,15,2024-01-06,@,Saint Louis,George Mason,L,67,79,26,54,.481,7,20,.350,8,11,.727,6,28,11,3,4,16,26,,22,50,.440,8,22,.364,27,34,.794,8,23,7,6,2,5,13
367,16,2024-01-10,,Saint Louis,St. Joseph's,W,88,85,26,56,.464,14,26,.538,22,27,.815,8,30,16,3,6,7,19,,25,66,.379,12,35,.343,23,28,.821,12,33,13,5,5,5,17
368,17,2024-01-16,@,Saint Louis,Dayton,L,65,70,27,66,.409,8,23,.348,3,7,.429,10,36,15,5,2,10,19,,23,54,.426,8,28,.286,16,29,.552,11,40,12,6,6,8,11
369,18,2024-01-19,@,Saint Louis,VCU,L,61,85,20,56,.357,4,20,.200,17,18,.944,5,26,9,4,3,11,20,,27,54,.500,11,23,.478,20,25,.800,5,32,15,5,7,8,16
370,19,2024-01-24,,Saint Louis,Davidson,L,61,84,21,56,.375,4,26,.154,15,20,.750,7,36,10,3,0,12,15,,30,65,.462,10,29,.345,14,17,.824,7,36,14,9,1,3,15
371,20,2024-01-27,,Saint Louis,UMass,L,73,84,24,55,.436,11,25,.440,14,16,.875,5,24,16,5,1,12,19,,29,61,.475,7,22,.318,19,23,.826,11,35,13,8,5,6,14
372,,,,Saint Louis,,,,,School,School,School,School,School,School,School,School,School,School,School,School,School,School,School,School,,Opponent,Opponent,Opponent,Opponent,Opponent,Opponent,Opponent,Opponent,Opponent,Opponent,Opponent,Opponent,Opponent,Opponent,Opponent,Opponent
373,G,Date,,Saint Louis,Opp,W/L,Tm,Opp,FG,FGA,FG%,3P,3PA,3P%,FT,FTA,FT%,ORB,TRB,AST,STL,BLK,TOV,PF,,FG,FGA,FG%,3P,3PA,3P%,FT,FTA,FT%,ORB,TRB,AST,STL,BLK,TOV,PF
374,21,2024-01-30,@,Saint Louis,Loyola (IL),L,62,77,20,56,.357,2,14,.143,20,28,.714,7,29,9,6,6,12,23,,26,55,.473,9,23,.391,16,19,.842,4,30,19,5,8,13,22
375,22,2024-02-03,,Saint Louis,Fordham,L,65,67,25,53,.472,8,17,.471,7,13,.538,8,36,12,3,5,17,14,,25,66,.379,8,29,.276,9,11,.818,7,25,14,14,8,6,15
376,23,2024-02-07,@,Saint Louis,La Salle,W,102,84,36,64,.563,9,20,.450,21,25,.840,9,32,15,8,2,10,23,,26,66,.394,10,28,.357,22,29,.759,11,30,13,4,1,10,19
377,24,2024-02-10,@,Saint Louis,St. Joseph's,L,86,87,28,57,.491,11,26,.423,19,22,.864,7,38,8,7,6,21,24,,29,66,.439,11,31,.355,18,25,.720,7,27,14,11,3,9,18
378,25,2024-02-16,,Saint Louis,VCU,L,85,95,27,57,.474,8,23,.348,23,30,.767,7,22,14,10,3,10,23,,28,57,.491,12,26,.462,27,31,.871,12,35,13,5,4,14,21
379,26,2024-02-20,@,Saint Louis,Duquesne,L,66,81,24,58,.414,7,25,.280,11,15,.733,4,26,17,10,3,12,17,,28,55,.509,9,26,.346,16,19,.842,4,31,15,12,7,15,14
380,27,2024-02-24,,Saint Louis,George Washington,W,96,91,28,55,.509,13,26,.500,27,33,.818,6,30,17,5,3,7,16,,31,60,.517,11,29,.379,18,23,.783,6,30,12,4,4,10,24
381,28,2024-02-28,,Saint Louis,Richmond,L,64,80,23,61,.377,7,20,.350,11,14,.786,11,34,16,6,7,11,10,,31,60,.517,11,19,.579,7,9,.778,4,30,19,9,2,9,13
382,29,2024-03-02,@,Saint Louis,Rhode Island,W,94,91,33,61,.541,11,21,.524,17,21,.810,9,26,19,6,6,5,21,,29,56,.518,11,25,.440,22,32,.688,13,30,12,2,2,12,20
383,30,2024-03-05,,Saint Louis,Dayton,L,83,100,31,61,.508,6,23,.261,15,16,.938,3,16,13,8,3,6,13,,36,65,.554,18,33,.545,10,14,.714,12,37,20,6,2,11,15
384,31,2024-03-09,@,Saint Louis,St. Bonaventure,W,73,65,27,58,.466,9,25,.360,10,12,.833,12,41,14,6,1,12,17,,22,55,.400,8,25,.320,13,21,.619,5,23,8,8,7,9,13
385,32,2024-03-12,N,Saint Louis,Rhode Island,W,74,71,28,59,.475,6,22,.273,12,20,.600,8,34,20,7,3,9,19,,25,54,.463,6,19,.316,15,24,.625,7,31,12,4,3,11,17
386,33,2024-03-13,N,Saint Louis,Duquesne,L,73,83,21,45,.467,8,20,.400,23,30,.767,4,28,10,3,3,13,18,,31,61,.508,10,22,.455,11,20,.550,6,28,22,9,3,5,22
387,1,2023-11-06,,VCU,McNeese State,L,65,76,22,53,.415,11,36,.306,10,14,.714,9,33,17,3,9,14,17,,27,59,.458,8,17,.471,14,22,.636,8,31,11,9,1,5,18
388,2,2023-11-10,,VCU,Samford,W,75,65,25,51,.490,5,18,.278,20,25,.800,12,37,13,15,6,19,16,,23,66,.348,8,26,.308,11,14,.786,14,30,15,12,2,15,24
389,3,2023-11-15,,VCU,Radford,W,73,50,24,50,.480,6,20,.300,19,26,.731,7,32,13,5,3,10,17,,18,54,.333,4,18,.222,10,17,.588,9,29,5,7,2,17,19
390,4,2023-11-18,,VCU,Seattle,W,60,56,19,49,.388,5,22,.227,17,22,.773,9,35,11,7,3,12,14,,18,55,.327,6,24,.250,14,19,.737,9,31,9,8,0,9,21
391,5,2023-11-23,N,VCU,Iowa State,L,64,68,20,44,.455,10,23,.435,14,18,.778,3,20,11,3,5,16,22,,24,59,.407,2,13,.154,18,30,.600,13,31,11,7,1,7,14
392,6,2023-11-24,N,VCU,Boise State,L,61,65,21,53,.396,6,22,.273,13,15,.867,9,37,12,5,5,14,18,,21,51,.412,6,16,.375,17,21,.810,4,22,7,8,3,8,19
393,7,2023-11-26,N,VCU,Penn State,W,86,74,28,52,.538,8,15,.533,22,28,.786,6,31,11,6,6,13,24,,23,52,.442,5,17,.294,23,35,.657,6,27,8,8,4,10,19
394,8,2023-12-01,,VCU,Norfolk State,L,60,63,17,47,.362,8,28,.286,18,22,.818,10,33,12,0,6,15,14,,23,54,.426,2,16,.125,15,17,.882,5,24,9,9,2,6,19
395,9,2023-12-06,,VCU,Memphis,L (1 OT),80,85,29,69,.420,7,29,.241,15,21,.714,15,31,13,8,2,10,21,,27,57,.474,8,21,.381,23,29,.793,11,35,10,7,2,18,21
396,10,2023-12-10,,VCU,Alcorn State,W,86,58,29,60,.483,17,39,.436,11,13,.846,9,34,22,8,7,11,16,,19,55,.345,4,14,.286,16,19,.842,7,27,9,6,0,10,14
397,11,2023-12-16,,VCU,Temple,W,87,78,30,59,.508,9,24,.375,18,21,.857,8,33,18,8,2,12,14,,29,64,.453,12,34,.353,8,13,.615,12,31,16,8,1,12,17
398,12,2023-12-22,,VCU,Maryland-Eastern Shore,W,75,51,27,55,.491,7,21,.333,14,22,.636,9,39,16,9,5,8,11,,19,57,.333,5,20,.250,8,15,.533,8,28,12,7,2,9,19
399,13,2023-12-30,,VCU,Gardner-Webb,W,87,73,35,69,.507,8,24,.333,9,10,.900,11,36,20,6,7,12,15,,26,67,.388,6,23,.261,15,21,.714,9,26,14,7,0,8,12
400,14,2024-01-03,,VCU,St. Bonaventure,L,78,89,28,56,.500,8,21,.381,14,18,.778,5,28,15,3,7,11,18,,28,58,.483,12,22,.545,21,27,.778,9,33,11,5,3,7,17
401,15,2024-01-06,,VCU,George Washington,L,82,84,27,65,.415,11,24,.458,17,22,.773,12,31,13,5,3,8,19,,27,49,.551,9,16,.563,21,26,.808,2,25,10,5,6,10,15
402,16,2024-01-09,@,VCU,George Mason,W,54,50,18,51,.353,7,25,.280,11,15,.733,9,34,10,10,5,11,14,,20,54,.370,0,15,.000,10,13,.769,9,29,3,9,2,11,14
403,17,2024-01-13,@,VCU,La Salle,W,71,65,23,48,.479,6,13,.462,19,28,.679,8,36,17,5,6,15,16,,22,65,.338,6,23,.261,15,19,.789,11,32,9,9,1,9,19
404,18,2024-01-19,,VCU,Saint Louis,W,85,61,27,54,.500,11,23,.478,20,25,.800,5,32,15,5,7,8,16,,20,56,.357,4,20,.200,17,18,.944,5,26,9,4,3,11,20
405,19,2024-01-23,,VCU,Loyola (IL),W,74,67,23,52,.442,9,15,.600,19,23,.826,6,32,12,7,0,12,16,,25,60,.417,4,20,.200,13,17,.765,9,28,10,7,6,9,21
406,20,2024-01-27,@,VCU,Davidson,W,63,58,18,48,.375,10,26,.385,17,21,.810,4,24,12,9,2,6,17,,19,52,.365,4,19,.211,16,19,.842,12,37,9,3,4,10,19
407,,,,VCU,,,,,School,School,School,School,School,School,School,School,School,School,School,School,School,School,School,School,,Opponent,Opponent,Opponent,Opponent,Opponent,Opponent,Opponent,Opponent,Opponent,Opponent,Opponent,Opponent,Opponent,Opponent,Opponent,Opponent
408,G,Date,,VCU,Opp,W/L,Tm,Opp,FG,FGA,FG%,3P,3PA,3P%,FT,FTA,FT%,ORB,TRB,AST,STL,BLK,TOV,PF,,FG,FGA,FG%,3P,3PA,3P%,FT,FTA,FT%,ORB,TRB,AST,STL,BLK,TOV,PF
409,21,2024-01-30,@,VCU,St. Bonaventure,L,62,67,21,53,.396,11,29,.379,9,11,.818,3,27,11,3,2,11,18,,21,59,.356,5,22,.227,20,23,.870,14,39,8,6,4,9,13
410,22,2024-02-03,,VCU,Richmond,W,63,52,20,54,.370,5,18,.278,18,20,.900,9,42,15,3,4,11,16,,18,51,.353,3,18,.167,13,17,.765,3,24,12,6,2,9,19
411,23,2024-02-06,@,VCU,Fordham,W,75,60,26,51,.510,9,21,.429,14,16,.875,3,29,18,6,4,13,12,,23,60,.383,10,26,.385,4,7,.571,9,28,13,10,5,15,14
412,24,2024-02-09,,VCU,Dayton,W,49,47,20,53,.377,5,21,.238,4,8,.500,4,34,13,6,4,8,12,,17,47,.362,4,17,.235,9,18,.500,2,29,9,5,1,8,11
413,25,2024-02-16,@,VCU,Saint Louis,W,95,85,28,57,.491,12,26,.462,27,31,.871,12,35,13,5,4,14,21,,27,57,.474,8,23,.348,23,30,.767,7,22,14,10,3,10,23
414,26,2024-02-20,@,VCU,UMass,L,52,74,17,56,.304,8,25,.320,10,12,.833,10,31,11,7,3,13,11,,28,59,.475,8,25,.320,10,12,.833,9,39,18,11,2,10,13
415,27,2024-02-25,,VCU,St. Joseph's,W,73,69,24,55,.436,8,22,.364,17,19,.895,9,37,19,5,2,9,16,,22,56,.393,12,29,.414,13,19,.684,7,30,11,5,4,9,17
416,28,2024-02-28,,VCU,Rhode Island,W,88,67,30,62,.484,10,29,.345,18,21,.857,10,36,15,10,4,10,17,,22,53,.415,9,28,.321,14,18,.778,6,24,13,4,4,15,17
417,29,2024-03-02,@,VCU,Richmond,L,76,79,26,56,.464,10,24,.417,14,18,.778,4,27,13,7,3,9,17,,26,49,.531,9,22,.409,18,26,.692,3,30,9,6,4,10,12
418,30,2024-03-05,,VCU,Duquesne,L,59,69,21,49,.429,8,22,.364,9,14,.643,6,28,11,7,2,14,16,,24,57,.421,10,28,.357,11,12,.917,9,30,11,8,0,10,15
419,31,2024-03-08,@,VCU,Dayton,L (1 OT),86,91,32,71,.451,18,42,.429,4,6,.667,9,29,13,6,5,11,21,,30,56,.536,12,22,.545,19,25,.760,5,35,19,4,2,14,12
420,32,2024-03-13,N,VCU,Fordham,W,69,62,17,42,.405,8,21,.381,27,39,.692,10,31,10,8,3,13,19,,20,49,.408,9,25,.360,13,18,.722,8,27,4,7,2,12,24
421,33,2024-03-14,N,VCU,UMass,W,73,59,22,44,.500,6,17,.353,23,30,.767,9,30,16,8,3,12,19,,19,54,.352,7,24,.292,14,19,.737,10,25,12,3,2,9,23
422,34,2024-03-16,N,VCU,St. Joseph's,W,66,60,29,57,.509,4,20,.200,4,8,.500,5,28,8,10,5,8,12,,24,55,.436,8,27,.296,4,7,.571,8,31,19,7,1,13,13
423,35,2024-03-17,N,VCU,Duquesne,L,51,57,17,47,.362,5,24,.208,12,14,.857,6,30,9,10,9,15,16,,17,57,.298,8,25,.320,15,21,.714,17,38,13,12,2,10,14
424,36,2024-03-20,@,VCU,Villanova,W,70,61,23,54,.426,11,30,.367,13,16,.813,5,32,16,7,4,12,16,,21,51,.412,6,23,.261,13,20,.650,3,29,11,8,0,12,13
425,37,2024-03-24,@,VCU,South Florida,W,70,65,24,55,.436,10,26,.385,12,14,.857,9,29,13,5,5,9,14,,25,61,.410,4,20,.200,11,15,.733,12,35,14,5,0,9,13
426,38,2024-03-27,@,VCU,Utah,L,54,74,19,58,.328,5,26,.192,11,15,.733,7,34,8,6,5,13,17,,28,63,.444,13,33,.394,5,10,.500,5,35,21,8,3,10,12
427,1,2023-11-07,,La Salle,Drexel,W,67,61,25,57,.439,6,15,.400,11,18,.611,8,28,11,6,4,11,13,,24,58,.414,4,17,.235,9,16,.563,11,36,16,6,2,12,16
428,2,2023-11-11,,La Salle,Northeastern,W,79,74,29,60,.483,9,24,.375,12,12,1.000,6,20,19,6,6,4,17,,27,62,.435,8,21,.381,12,20,.600,16,39,11,3,5,11,14
429,3,2023-11-14,,La Salle,Bucknell,W,69,57,23,54,.426,8,26,.308,15,26,.577,6,31,17,8,1,11,25,,18,48,.375,6,21,.286,15,24,.625,6,29,10,3,1,16,25
430,4,2023-11-18,,La Salle,Southern Indiana,W,79,78,27,57,.474,7,18,.389,18,21,.857,3,23,13,4,3,7,13,,32,60,.533,10,23,.435,4,6,.667,4,28,20,3,3,11,19
431,5,2023-11-21,@,La Salle,Duke,L,66,95,24,58,.414,6,24,.250,12,17,.706,3,23,11,3,1,9,16,,36,67,.537,9,22,.409,14,20,.700,9,39,21,4,3,5,18
432,6,2023-11-26,,La Salle,Coppin State,W,81,62,29,60,.483,11,25,.440,12,20,.600,14,34,17,10,1,11,15,,21,45,.467,5,11,.455,15,18,.833,4,16,12,8,2,13,18
433,7,2023-11-29,@,La Salle,Temple,L (3 OT),99,106,32,86,.372,9,31,.290,26,35,.743,15,55,11,5,5,17,36,,34,96,.354,7,34,.206,31,46,.674,22,58,11,1,5,10,32
434,8,2023-12-02,N,La Salle,Penn,W (1 OT),93,92,36,65,.554,10,23,.435,11,14,.786,7,30,16,5,4,11,13,,37,68,.544,12,25,.480,6,12,.500,9,28,19,4,2,9,13
435,9,2023-12-06,,La Salle,Loyola (MD),W,62,61,25,61,.410,9,28,.321,3,6,.500,8,33,16,4,3,12,12,,24,64,.375,6,17,.353,7,14,.500,9,35,16,7,2,9,9
436,10,2023-12-09,@,La Salle,Lafayette,W,67,51,22,62,.355,15,37,.405,8,9,.889,7,33,14,12,0,10,11,,20,57,.351,6,22,.273,5,5,1.000,7,37,9,6,6,15,11
437,11,2023-12-16,@,La Salle,Miami (FL),L,77,84,30,64,.469,11,30,.367,6,7,.857,5,22,20,7,2,8,17,,31,60,.517,4,15,.267,18,21,.857,12,35,17,4,4,10,8
438,12,2023-12-21,,La Salle,Rosemont,W,107,41,43,72,.597,11,28,.393,10,14,.714,13,40,35,14,7,5,13,,18,52,.346,1,13,.077,4,6,.667,5,20,7,3,0,18,11
439,13,2023-12-30,,La Salle,Howard,L,66,71,23,61,.377,8,28,.286,12,17,.706,9,27,8,10,7,8,19,,23,56,.411,9,22,.409,16,19,.842,10,40,11,3,3,13,15
440,14,2024-01-03,,La Salle,George Mason,L,62,77,23,61,.377,9,29,.310,7,9,.778,3,20,12,7,4,7,13,,29,55,.527,7,13,.538,12,15,.800,9,38,15,4,2,13,13
441,15,2024-01-06,@,La Salle,Fordham,W,81,76,25,57,.439,6,15,.400,25,30,.833,12,34,17,6,6,14,18,,27,64,.422,9,24,.375,13,21,.619,13,31,15,12,6,12,22
442,16,2024-01-10,@,La Salle,UMass,L,65,81,26,61,.426,7,25,.280,6,15,.400,7,27,15,6,4,12,16,,31,63,.492,5,13,.385,14,21,.667,12,39,18,6,4,11,18
443,17,2024-01-13,,La Salle,VCU,L,65,71,22,65,.338,6,23,.261,15,19,.789,11,32,9,9,1,9,19,,23,48,.479,6,13,.462,19,28,.679,8,36,17,5,6,15,16
444,18,2024-01-15,@,La Salle,St. Joseph's,L,62,82,22,61,.361,8,32,.250,10,12,.833,4,21,12,4,0,2,14,,29,57,.509,9,23,.391,15,18,.833,13,44,16,2,3,8,11
445,19,2024-01-23,,La Salle,Dayton,L,54,66,21,59,.356,8,29,.276,4,5,.800,7,31,12,4,2,8,13,,27,57,.474,5,19,.263,7,8,.875,4,28,14,6,3,8,11
446,20,2024-01-27,@,La Salle,George Washington,W,80,70,30,61,.492,10,19,.526,10,13,.769,4,31,15,5,6,9,17,,24,64,.375,3,18,.167,19,24,.792,11,37,7,8,5,9,16
447,,,,La Salle,,,,,School,School,School,School,School,School,School,School,School,School,School,School,School,School,School,School,,Opponent,Opponent,Opponent,Opponent,Opponent,Opponent,Opponent,Opponent,Opponent,Opponent,Opponent,Opponent,Opponent,Opponent,Opponent,Opponent
448,G,Date,,La Salle,Opp,W/L,Tm,Opp,FG,FGA,FG%,3P,3PA,3P%,FT,FTA,FT%,ORB,TRB,AST,STL,BLK,TOV,PF,,FG,FGA,FG%,3P,3PA,3P%,FT,FTA,FT%,ORB,TRB,AST,STL,BLK,TOV,PF
449,21,2024-01-31,@,La Salle,Rhode Island,L,69,71,26,71,.366,8,31,.258,9,18,.500,12,32,15,8,5,7,17,,24,56,.429,5,12,.417,18,27,.667,9,39,13,2,3,11,17
450,22,2024-02-03,,La Salle,St. Joseph's,L,82,88,28,69,.406,14,34,.412,12,17,.706,11,32,18,9,5,6,22,,26,55,.473,10,21,.476,26,33,.788,10,38,11,3,3,12,14
451,23,2024-02-07,,La Salle,Saint Louis,L,84,102,26,66,.394,10,28,.357,22,29,.759,11,30,13,4,1,10,19,,36,64,.563,9,20,.450,21,25,.840,9,32,15,8,2,10,23
452,24,2024-02-10,@,La Salle,Richmond,L,65,82,27,58,.466,6,20,.300,5,9,.556,5,32,9,2,1,13,20,,29,56,.518,7,16,.438,17,18,.944,1,29,12,6,4,4,13
453,25,2024-02-13,@,La Salle,Davidson,L,56,71,22,59,.373,4,19,.211,8,12,.667,6,33,7,3,2,12,17,,27,65,.415,4,19,.211,13,18,.722,11,41,11,10,8,7,15
454,26,2024-02-17,,La Salle,UMass,W,82,81,28,59,.475,9,21,.429,17,22,.773,9,35,18,6,4,10,19,,25,59,.424,8,27,.296,23,28,.821,8,34,13,6,4,7,17
455,27,2024-02-21,,La Salle,St. Bonaventure,W,72,59,26,51,.510,10,24,.417,10,14,.714,3,27,20,7,2,8,13,,21,48,.438,6,17,.353,11,16,.688,3,20,15,3,1,9,14
456,28,2024-02-25,,La Salle,Rhode Island,W,84,61,31,61,.508,12,26,.462,10,13,.769,4,31,18,8,6,9,14,,25,62,.403,6,22,.273,5,9,.556,6,28,10,5,2,14,15
457,29,2024-02-28,@,La Salle,Duquesne,L,63,75,25,61,.410,6,21,.286,7,9,.778,12,30,17,5,4,12,14,,30,60,.500,7,18,.389,8,14,.571,12,32,19,6,5,9,10
458,30,2024-03-02,,La Salle,George Washington,W,72,66,28,65,.431,7,21,.333,9,11,.818,10,29,12,8,1,3,8,,24,51,.471,7,18,.389,11,14,.786,4,28,6,1,5,8,10
459,31,2024-03-09,@,La Salle,Loyola (IL),L,54,64,23,59,.390,6,18,.333,2,4,.500,7,30,13,4,7,14,21,,22,58,.379,7,19,.368,13,24,.542,12,34,11,7,7,11,13
460,32,2024-03-12,N,La Salle,George Washington,W,61,60,24,67,.358,8,23,.348,5,8,.625,10,36,10,7,2,4,17,,17,49,.347,10,23,.435,16,24,.667,6,40,13,4,2,10,13
461,33,2024-03-13,N,La Salle,St. Bonaventure,L,73,75,26,53,.491,7,16,.438,14,17,.824,6,26,14,3,3,9,19,,25,58,.431,6,15,.400,19,24,.792,11,29,12,6,5,5,14
462,1,2023-11-06,,Fordham,Wagner,W (1 OT),68,64,26,61,.426,8,27,.296,8,19,.421,13,37,14,5,7,10,15,,24,62,.387,4,17,.235,12,17,.706,12,36,5,7,5,11,20
463,2,2023-11-11,,Fordham,Cornell,L,73,78,25,56,.446,9,28,.321,14,25,.560,10,25,10,9,0,14,23,,27,50,.540,7,18,.389,17,27,.630,8,30,12,9,4,20,23
464,3,2023-11-17,N,Fordham,Norfolk State,W,77,64,20,48,.417,7,23,.304,30,42,.714,8,38,14,7,5,17,30,,17,54,.315,4,19,.211,26,37,.703,12,32,10,11,1,16,25
465,4,2023-11-19,N,Fordham,Abilene Christian,L,45,59,16,54,.296,1,12,.083,12,21,.571,16,41,3,5,3,19,16,,22,55,.400,3,12,.250,12,17,.706,6,29,9,11,1,9,19
466,5,2023-11-20,N,Fordham,Kent State,L,72,79,21,58,.362,9,27,.333,21,35,.600,15,31,9,10,2,19,25,,22,51,.431,6,18,.333,29,35,.829,9,32,12,12,3,20,27
467,6,2023-11-27,,Fordham,Manhattan,W,93,61,34,69,.493,9,26,.346,16,20,.800,10,40,16,16,6,10,13,,25,59,.424,6,16,.375,5,9,.556,5,27,13,9,1,20,13
468,7,2023-11-30,,Fordham,FDU,W,80,52,27,61,.443,5,22,.227,21,37,.568,9,40,20,18,2,13,22,,18,55,.327,2,18,.111,14,27,.519,8,33,8,8,2,23,26
469,8,2023-12-03,,Fordham,Tulane,L,81,89,31,73,.425,11,32,.344,8,10,.800,15,34,23,8,5,14,30,,26,48,.542,5,10,.500,32,42,.762,4,28,8,8,3,13,14
470,9,2023-12-06,,Fordham,NJIT,L,77,80,27,56,.482,6,18,.333,17,31,.548,12,35,16,6,11,10,23,,25,55,.455,12,25,.480,18,25,.720,4,25,12,5,1,12,23
471,10,2023-12-10,N,Fordham,North Texas,W,60,59,23,60,.383,8,21,.381,6,12,.500,11,36,14,6,5,12,12,,23,60,.383,5,13,.385,8,11,.727,11,37,9,8,11,13,16
472,11,2023-12-16,@,Fordham,St. John's (NY),L,55,77,15,59,.254,2,18,.111,23,26,.885,9,37,8,5,5,20,18,,30,69,.435,6,18,.333,11,19,.579,10,39,20,9,7,14,22
473,12,2023-12-21,,Fordham,Central Connecticut,L,80,82,28,60,.467,11,28,.393,13,17,.765,11,24,15,11,2,15,21,,27,49,.551,4,11,.364,24,31,.774,7,26,14,7,4,15,14
474,13,2023-12-30,,Fordham,Columbia,W,87,78,28,66,.424,11,33,.333,20,26,.769,12,41,13,7,9,7,17,,26,63,.413,9,22,.409,17,23,.739,6,35,18,4,2,9,19
475,14,2024-01-03,@,Fordham,George Washington,W (3 OT),119,113,39,89,.438,19,42,.452,22,29,.759,18,40,20,11,6,12,22,,40,79,.506,8,18,.444,25,30,.833,10,41,11,7,7,15,22
476,15,2024-01-06,,Fordham,La Salle,L,76,81,27,64,.422,9,24,.375,13,21,.619,13,31,15,12,6,12,22,,25,57,.439,6,15,.400,25,30,.833,12,34,17,6,6,14,18
477,16,2024-01-13,@,Fordham,St. Bonaventure,W,80,74,28,55,.509,9,25,.360,15,23,.652,6,33,13,3,5,8,21,,24,60,.400,6,18,.333,20,22,.909,6,33,8,4,2,9,18
478,17,2024-01-17,,Fordham,Davidson,L,69,79,23,66,.348,7,27,.259,16,19,.842,15,43,14,10,8,13,24,,23,57,.404,6,12,.500,27,34,.794,8,34,11,9,5,11,14
479,18,2024-01-20,,Fordham,Loyola (IL),L,61,65,21,58,.362,6,20,.300,13,18,.722,11,30,10,7,5,10,18,,23,48,.479,4,10,.400,15,20,.750,8,30,10,6,1,14,21
480,19,2024-01-24,@,Fordham,Rhode Island,W,71,68,27,57,.474,8,22,.364,9,25,.360,3,28,11,9,3,6,22,,23,51,.451,4,13,.308,18,30,.600,6,37,15,4,3,14,22
481,20,2024-01-27,@,Fordham,Duquesne,L,59,68,21,57,.368,4,22,.182,13,24,.542,13,39,11,5,3,12,22,,24,51,.471,1,13,.077,19,30,.633,2,27,13,4,7,8,22
482,,,,Fordham,,,,,School,School,School,School,School,School,School,School,School,School,School,School,School,School,School,School,,Opponent,Opponent,Opponent,Opponent,Opponent,Opponent,Opponent,Opponent,Opponent,Opponent,Opponent,Opponent,Opponent,Opponent,Opponent,Opponent
483,G,Date,,Fordham,Opp,W/L,Tm,Opp,FG,FGA,FG%,3P,3PA,3P%,FT,FTA,FT%,ORB,TRB,AST,STL,BLK,TOV,PF,,FG,FGA,FG%,3P,3PA,3P%,FT,FTA,FT%,ORB,TRB,AST,STL,BLK,TOV,PF
484,21,2024-01-31,,Fordham,Richmond,L,69,83,23,56,.411,9,27,.333,14,20,.700,9,31,11,5,4,12,15,,31,53,.585,8,14,.571,13,16,.813,0,24,14,6,1,10,16
485,22,2024-02-03,@,Fordham,Saint Louis,W,67,65,25,66,.379,8,29,.276,9,11,.818,7,25,14,14,8,6,15,,25,53,.472,8,17,.471,7,13,.538,8,36,12,3,5,17,14
486,23,2024-02-06,,Fordham,VCU,L,60,75,23,60,.383,10,26,.385,4,7,.571,9,28,13,10,5,15,14,,26,51,.510,9,21,.429,14,16,.875,3,29,18,6,4,13,12
487,24,2024-02-14,,Fordham,St. Bonaventure,L,67,85,23,54,.426,8,25,.320,13,18,.722,7,23,13,10,4,12,19,,30,50,.600,12,18,.667,13,20,.650,6,26,18,6,4,16,15
488,25,2024-02-17,@,Fordham,Dayton,L,70,78,24,58,.414,9,31,.290,13,15,.867,9,29,11,3,1,10,23,,27,47,.574,7,20,.350,17,25,.680,5,28,13,3,3,6,13
489,26,2024-02-20,@,Fordham,Davidson,L,53,68,18,55,.327,6,27,.222,11,17,.647,11,33,10,4,3,10,20,,22,48,.458,6,16,.375,18,26,.692,5,32,11,6,4,7,15
490,27,2024-02-23,,Fordham,Duquesne,W,79,67,27,52,.519,8,19,.421,17,24,.708,12,39,18,9,9,16,22,,19,55,.345,6,16,.375,23,27,.852,7,23,10,12,4,11,20
491,28,2024-02-27,,Fordham,George Mason,W,61,60,19,59,.322,12,30,.400,11,14,.786,12,30,12,7,8,7,16,,22,51,.431,5,15,.333,11,15,.733,7,34,12,3,5,14,15
492,29,2024-03-02,@,Fordham,St. Joseph's,L,69,82,25,61,.410,7,24,.292,12,19,.632,15,38,8,5,2,16,21,,30,65,.462,7,28,.250,15,21,.714,9,31,21,10,4,8,17
493,30,2024-03-06,@,Fordham,UMass,L,64,66,23,65,.354,7,28,.250,11,19,.579,15,34,13,4,2,6,21,,22,52,.423,7,19,.368,15,24,.625,6,33,10,1,3,7,19
494,31,2024-03-09,,Fordham,Rhode Island,L,50,58,17,63,.270,7,29,.241,9,15,.600,9,34,10,5,6,11,22,,18,46,.391,3,19,.158,19,30,.633,6,37,8,6,1,15,17
495,32,2024-03-12,N,Fordham,Davidson,W (1 OT),71,63,24,68,.353,6,24,.250,17,24,.708,18,38,13,12,4,14,18,,22,49,.449,5,17,.294,14,21,.667,3,27,12,7,10,19,18
496,33,2024-03-13,N,Fordham,VCU,L,62,69,20,49,.408,9,25,.360,13,18,.722,8,27,4,7,2,12,24,,17,42,.405,8,21,.381,27,39,.692,10,31,10,8,3,13,19
497,1,2023-11-06,,Davidson,Washington & Lee,W,86,63,29,67,.433,10,36,.278,18,24,.750,15,43,14,7,5,6,15,,21,55,.382,7,18,.389,14,16,.875,6,25,9,2,2,10,24
498,2,2023-11-10,N,Davidson,Maryland,W,64,61,21,49,.429,8,15,.533,14,21,.667,8,31,15,11,3,14,21,,20,57,.351,5,23,.217,16,21,.762,14,32,13,8,5,13,18
499,3,2023-11-12,N,Davidson,Clemson,L,65,68,22,56,.393,9,25,.360,12,17,.706,9,33,12,5,2,9,15,,26,57,.456,12,31,.387,4,8,.500,7,29,17,3,6,9,16
500,4,2023-11-17,@,Davidson,ETSU,L,68,70,20,50,.400,6,19,.316,22,28,.786,5,30,8,7,4,11,22,,23,58,.397,9,27,.333,15,22,.682,14,41,10,8,2,14,24
501,5,2023-11-21,,Davidson,Boston University,W,69,45,29,61,.475,7,27,.259,4,6,.667,9,38,15,6,0,9,8,,19,56,.339,5,23,.217,2,4,.500,6,27,10,5,0,10,13
502,6,2023-11-24,@,Davidson,Saint Mary's,L,55,89,17,47,.362,4,17,.235,17,24,.708,7,17,5,10,0,12,8,,34,65,.523,15,31,.484,6,8,.750,18,43,24,6,6,12,19
503,7,2023-11-29,@,Davidson,Charlotte,W,85,81,30,56,.536,12,23,.522,13,16,.813,5,25,19,5,0,8,11,,31,57,.544,9,26,.346,10,12,.833,5,25,18,6,4,7,16
504,8,2023-12-02,,Davidson,Wright State,W,82,73,30,52,.577,11,30,.367,11,19,.579,8,31,15,4,4,13,12,,31,62,.500,4,10,.400,7,11,.636,9,25,9,8,0,8,15
505,9,2023-12-06,,Davidson,Campbell,W,62,50,21,56,.375,6,25,.240,14,19,.737,7,36,10,6,2,8,13,,21,54,.389,4,25,.160,4,12,.333,4,30,9,4,2,10,14
506,10,2023-12-09,,Davidson,Miami (OH),W,79,61,30,62,.484,5,24,.208,14,14,1.000,12,41,12,8,2,8,13,,19,51,.373,9,28,.321,14,16,.875,3,22,13,4,0,11,16
507,11,2023-12-16,,Davidson,Lynchburg,W,98,63,34,65,.523,18,39,.462,12,14,.857,6,28,25,6,3,6,10,,22,52,.423,12,28,.429,7,10,.700,4,30,14,5,0,18,16
508,12,2023-12-21,,Davidson,USC Upstate,W,62,59,21,51,.412,6,25,.240,14,20,.700,7,31,10,4,1,6,8,,22,54,.407,9,28,.321,6,12,.500,7,30,13,4,3,7,13
509,13,2023-12-30,N,Davidson,Ohio,W,72,69,22,55,.400,6,25,.240,22,36,.611,12,41,11,10,5,14,23,,23,59,.390,7,20,.350,16,27,.593,10,39,14,6,6,15,26
510,14,2024-01-03,,Davidson,Dayton,L,59,72,21,54,.389,10,30,.333,7,11,.636,7,29,15,4,2,14,19,,26,52,.500,7,21,.333,13,22,.591,7,33,11,12,2,12,14
511,15,2024-01-09,,Davidson,Rhode Island,L,74,79,25,55,.455,9,23,.391,15,23,.652,7,26,14,5,2,8,22,,25,49,.510,7,20,.350,22,33,.667,5,31,12,3,4,12,21
512,16,2024-01-13,@,Davidson,George Washington,L (1 OT),79,83,31,65,.477,8,25,.320,9,19,.474,12,40,11,6,3,13,22,,31,66,.470,13,29,.448,8,20,.400,11,34,15,7,4,13,17
513,17,2024-01-17,@,Davidson,Fordham,W,79,69,23,57,.404,6,12,.500,27,34,.794,8,34,11,9,5,11,14,,23,66,.348,7,27,.259,16,19,.842,15,43,14,10,8,13,24
514,18,2024-01-20,,Davidson,Richmond,L (1 OT),64,69,24,64,.375,8,26,.308,8,13,.615,6,36,11,4,2,11,13,,24,60,.400,7,21,.333,14,16,.875,6,41,12,9,3,6,14
515,19,2024-01-24,@,Davidson,Saint Louis,W,84,61,30,65,.462,10,29,.345,14,17,.824,7,36,14,9,1,3,15,,21,56,.375,4,26,.154,15,20,.750,7,36,10,3,0,12,15
516,20,2024-01-27,,Davidson,VCU,L,58,63,19,52,.365,4,19,.211,16,19,.842,12,37,9,3,4,10,19,,18,48,.375,10,26,.385,17,21,.810,4,24,12,9,2,6,17
517,,,,Davidson,,,,,School,School,School,School,School,School,School,School,School,School,School,School,School,School,School,School,,Opponent,Opponent,Opponent,Opponent,Opponent,Opponent,Opponent,Opponent,Opponent,Opponent,Opponent,Opponent,Opponent,Opponent,Opponent,Opponent
518,G,Date,,Davidson,Opp,W/L,Tm,Opp,FG,FGA,FG%,3P,3PA,3P%,FT,FTA,FT%,ORB,TRB,AST,STL,BLK,TOV,PF,,FG,FGA,FG%,3P,3PA,3P%,FT,FTA,FT%,ORB,TRB,AST,STL,BLK,TOV,PF
519,21,2024-02-04,@,Davidson,Loyola (IL),L,63,76,24,61,.393,6,23,.261,9,13,.692,6,30,8,4,6,9,17,,25,54,.463,14,28,.500,12,20,.600,6,29,21,6,4,12,16
520,22,2024-02-07,@,Davidson,Duquesne,W,72,59,23,53,.434,8,26,.308,18,20,.900,7,34,16,6,5,8,22,,21,52,.404,5,19,.263,12,20,.600,8,29,7,6,4,9,19
521,23,2024-02-10,,Davidson,George Mason,L,55,57,18,52,.346,7,27,.259,12,13,.923,9,27,11,7,4,10,15,,19,46,.413,6,16,.375,13,18,.722,9,34,8,4,2,14,16
522,24,2024-02-13,,Davidson,La Salle,W,71,56,27,65,.415,4,19,.211,13,18,.722,11,41,11,10,8,7,15,,22,59,.373,4,19,.211,8,12,.667,6,33,7,3,2,12,17
523,25,2024-02-17,@,Davidson,St. Bonaventure,L (1 OT),80,81,29,59,.492,9,24,.375,13,18,.722,9,28,14,6,1,13,21,,26,46,.565,6,15,.400,23,30,.767,4,25,14,9,3,12,18
524,26,2024-02-20,,Davidson,Fordham,W,68,53,22,48,.458,6,16,.375,18,26,.692,5,32,11,6,4,7,15,,18,55,.327,6,27,.222,11,17,.647,11,33,10,4,3,10,20
525,27,2024-02-24,@,Davidson,Richmond,L,63,66,22,54,.407,6,22,.273,13,17,.765,10,36,10,5,0,13,18,,21,51,.412,7,21,.333,17,22,.773,5,29,13,8,3,9,15
526,28,2024-02-27,@,Davidson,Dayton,L,66,80,22,58,.379,8,27,.296,14,16,.875,5,25,15,8,3,7,11,,29,54,.537,12,28,.429,10,12,.833,4,33,17,7,6,13,13
527,29,2024-03-02,,Davidson,UMass,L,67,69,27,56,.482,2,14,.143,11,17,.647,5,29,15,4,13,10,18,,24,67,.358,5,24,.208,16,23,.696,18,42,8,4,4,9,16
528,30,2024-03-06,,Davidson,Loyola (IL),L,59,69,21,55,.382,5,16,.313,12,17,.706,4,29,11,6,2,10,18,,24,53,.453,9,23,.391,12,21,.571,6,33,13,8,7,11,20
529,31,2024-03-09,@,Davidson,St. Joseph's,L,71,89,27,67,.403,6,24,.250,11,12,.917,10,30,13,9,6,10,20,,28,59,.475,10,24,.417,23,31,.742,10,34,15,7,4,11,14
530,32,2024-03-12,N,Davidson,Fordham,L (1 OT),63,71,22,49,.449,5,17,.294,14,21,.667,3,27,12,7,10,19,18,,24,68,.353,6,24,.250,17,24,.708,18,38,13,12,4,14,18
